stagione,giornata,squadra,player,player_norm,voto_gds,fantavoto,gol,assist,ammonizioni,espulsioni,autogol,rig_segnati,rig_sbagliati,avversario,partita
2026-2027,1,Atalanta,CARNESECCHI,carnesecchi,6.5,5.5,-1,0,0,0,0,0,0,Sassuolo,Atalanta - Sassuolo
2026-2027,1,Atalanta,PARDEL,pardel,,,0,0,0,0,0,0,0,Sassuolo,Atalanta - Sassuolo
2026-2027,1,Atalanta,ROSSI,rossi,,,0,0,0,0,0,0,0,Sassuolo,Atalanta - Sassuolo
2026-2027,1,Atalanta,SPORTIELLO,sportiello,,,0,0,0,0,0,0,0,Sassuolo,Atalanta - Sassuolo
2026-2027,1,Atalanta,AHANOR,ahanor,,,0,0,0,0,0,0,0,Sassuolo,Atalanta - Sassuolo
2026-2027,1,Atalanta,BAKKER,bakker,,,0,0,0,0,0,0,0,Sassuolo,Atalanta - Sassuolo
2026-2027,1,Atalanta,BELLANOVA,bellanova,,,0,0,0,0,0,0,0,Sassuolo,Atalanta - Sassuolo
2026-2027,1,Atalanta,BERNASCONI,bernasconi,6.0,6.0,0,0,0,0,0,0,0,Sassuolo,Atalanta - Sassuolo
2026-2027,1,Atalanta,COMI,comi,,,0,0,0,0,0,0,0,Sassuolo,Atalanta - Sassuolo
2026-2027,1,Atalanta,HIEN,hien,,,0,0,0,0,0,0,0,Sassuolo,Atalanta - Sassuolo
2026-2027,1,Atalanta,KOLASINAC,kolasinac,6.0,6.0,0,0,0,0,0,0,0,Sassuolo,Atalanta - Sassuolo
2026-2027,1,Atalanta,KOSSOUNOU,kossounou,5.5,5.5,0,0,0,0,0,0,0,Sassuolo,Atalanta - Sassuolo
2026-2027,1,Atalanta,KRISTENSEN,kristensen,,,0,0,0,0,0,0,0,Sassuolo,Atalanta - Sassuolo
2026-2027,1,Atalanta,SCALVINI,scalvini,6.0,6.0,0,0,0,0,0,0,0,Sassuolo,Atalanta - Sassuolo
2026-2027,1,Atalanta,ZAPPACOSTA,zappacosta,6.5,6.5,0,0,0,0,0,0,0,Sassuolo,Atalanta - Sassuolo
2026-2027,1,Atalanta,DE ROON,de roon,,,0,0,0,0,0,0,0,Sassuolo,Atalanta - Sassuolo
2026-2027,1,Atalanta,EDERSON,ederson,5.5,5.5,0,0,0,0,0,0,0,Sassuolo,Atalanta - Sassuolo
2026-2027,1,Atalanta,ELMAS,elmas,,,0,0,0,0,0,0,0,Sassuolo,Atalanta - Sassuolo
2026-2027,1,Atalanta,GAETANO,gaetano,7.0,8.0,0,1,0,0,0,0,0,Sassuolo,Atalanta - Sassuolo
2026-2027,1,Atalanta,PASALIC,pasalic,6.0,6.0,0,0,0,0,0,0,0,Sassuolo,Atalanta - Sassuolo
2026-2027,1,Atalanta,SAMARDZIC,samardzic,6.0,6.0,0,0,0,0,0,0,0,Sassuolo,Atalanta - Sassuolo
2026-2027,1,Atalanta,SULEMANA,sulemana,,,0,0,0,0,0,0,0,Sassuolo,Atalanta - Sassuolo
2026-2027,1,Atalanta,ZALEWSKI,zalewski,5.5,5.5,0,0,0,0,0,0,0,Sassuolo,Atalanta - Sassuolo
2026-2027,1,Atalanta,DE KETELAERE,de ketelaere,5.5,5.5,0,0,0,0,0,0,0,Sassuolo,Atalanta - Sassuolo
2026-2027,1,Atalanta,KRSTOVIC,krstovic,6.5,9.5,1,0,0,0,0,0,0,Sassuolo,Atalanta - Sassuolo
2026-2027,1,Atalanta,RASPADORI,raspadori,6.5,9.5,1,0,0,0,0,0,0,Sassuolo,Atalanta - Sassuolo
2026-2027,1,Atalanta,SCAMACCA,scamacca,6.0,6.0,0,0,0,0,0,0,0,Sassuolo,Atalanta - Sassuolo
2026-2027,1,Atalanta,SULEMANA,sulemana,,,0,0,0,0,0,0,0,Sassuolo,Atalanta - Sassuolo
2026-2027,1,Atalanta,SARRI,sarri,6.5,4.0,0,0,0,0,0,0,0,Sassuolo,Atalanta - Sassuolo
2026-2027,1,Bologna,HAPPONEN,happonen,,,0,0,0,0,0,0,0,Lazio,Bologna - Lazio
2026-2027,1,Bologna,PESSINA,pessina,,,0,0,0,0,0,0,0,Lazio,Bologna - Lazio
2026-2027,1,Bologna,SKORUPSKI,skorupski,6.0,5.0,-1,0,0,0,0,0,0,Lazio,Bologna - Lazio
2026-2027,1,Bologna,ALHASSANE,alhassane,,,0,0,0,0,0,0,0,Lazio,Bologna - Lazio
2026-2027,1,Bologna,CASALE,casale,,,0,0,0,0,0,0,0,Lazio,Bologna - Lazio
2026-2027,1,Bologna,DE SILVESTRI,de silvestri,,,0,0,0,0,0,0,0,Lazio,Bologna - Lazio
2026-2027,1,Bologna,HEGGEM,heggem,5.5,5.0,0,0,1,0,0,0,0,Lazio,Bologna - Lazio
2026-2027,1,Bologna,HELLAND,helland,5.5,5.5,0,0,0,0,0,0,0,Lazio,Bologna - Lazio
2026-2027,1,Bologna,HOLM,holm,5.5,5.5,0,0,0,0,0,0,0,Lazio,Bologna - Lazio
2026-2027,1,Bologna,MIRANDA,miranda,6.0,6.0,0,0,0,0,0,0,0,Lazio,Bologna - Lazio
2026-2027,1,Bologna,VITIK,vitik,,,0,0,0,0,0,0,0,Lazio,Bologna - Lazio
2026-2027,1,Bologna,ZORTEA,zortea,5.5,5.5,0,0,0,0,0,0,0,Lazio,Bologna - Lazio
2026-2027,1,Bologna,AMONDARAIN,amondarain,,6.0,0,0,0,0,0,0,0,Lazio,Bologna - Lazio
2026-2027,1,Bologna,BERNARDESCHI,bernardeschi,6.5,6.5,0,0,0,0,0,0,0,Lazio,Bologna - Lazio
2026-2027,1,Bologna,EL AZZOUZI,el azzouzi,5.0,4.5,0,0,1,0,0,0,0,Lazio,Bologna - Lazio
2026-2027,1,Bologna,FERGUSON,ferguson,5.5,5.5,0,0,0,0,0,0,0,Lazio,Bologna - Lazio
2026-2027,1,Bologna,MORO,moro,,,0,0,0,0,0,0,0,Lazio,Bologna - Lazio
2026-2027,1,Bologna,ODGAARD,odgaard,6.0,5.5,0,0,1,0,0,0,0,Lazio,Bologna - Lazio
2026-2027,1,Bologna,ORSOLINI,orsolini,5.5,5.5,0,0,0,0,0,0,0,Lazio,Bologna - Lazio
2026-2027,1,Bologna,POBEGA,pobega,,,0,0,0,0,0,0,0,Lazio,Bologna - Lazio
2026-2027,1,Bologna,CAMBIAGHI,cambiaghi,6.5,6.0,0,0,1,0,0,0,0,Lazio,Bologna - Lazio
2026-2027,1,Bologna,DOVBYK,dovbyk,5.0,5.0,0,0,0,0,0,0,0,Lazio,Bologna - Lazio
2026-2027,1,Bologna,KARLSSON,karlsson,,,0,0,0,0,0,0,0,Lazio,Bologna - Lazio
2026-2027,1,Bologna,PICCOLI,piccoli,6.0,6.0,0,0,0,0,0,0,0,Lazio,Bologna - Lazio
2026-2027,1,Bologna,ROWE,rowe,5.5,5.5,0,0,0,0,0,0,0,Lazio,Bologna - Lazio
2026-2027,1,Bologna,TEDESCO,tedesco,5.0,0.0,0,0,0,0,0,0,0,Lazio,Bologna - Lazio
2026-2027,1,Cagliari,CAPRILE,caprile,6.0,7.0,0,0,0,0,0,0,0,Parma,Parma - Cagliari
2026-2027,1,Cagliari,SHERRI,sherri,,,0,0,0,0,0,0,0,Parma,Parma - Cagliari
2026-2027,1,Cagliari,AURELIO,aurelio,,,0,0,0,0,0,0,0,Parma,Parma - Cagliari
2026-2027,1,Cagliari,IDRISSI,idrissi,,,0,0,0,0,0,0,0,Parma,Parma - Cagliari
2026-2027,1,Cagliari,KOFLER,kofler,,,0,0,0,0,0,0,0,Parma,Parma - Cagliari
2026-2027,1,Cagliari,MINA,mina,,,0,0,0,0,0,0,0,Parma,Parma - Cagliari
2026-2027,1,Cagliari,OBERT,obert,6.0,6.0,0,0,0,0,0,0,0,Parma,Parma - Cagliari
2026-2027,1,Cagliari,RODRIGUEZ,rodriguez,6.5,6.5,0,0,0,0,0,0,0,Parma,Parma - Cagliari
2026-2027,1,Cagliari,ZAPPA,zappa,6.0,6.0,0,0,0,0,0,0,0,Parma,Parma - Cagliari
2026-2027,1,Cagliari,ZE PEDRO,ze pedro,5.0,4.5,0,0,1,0,0,0,0,Parma,Parma - Cagliari
2026-2027,1,Cagliari,ADOPO,adopo,6.0,7.0,0,1,0,0,0,0,0,Parma,Parma - Cagliari
2026-2027,1,Cagliari,AKARAKIRI,akarakiri,,,0,0,0,0,0,0,0,Parma,Parma - Cagliari
2026-2027,1,Cagliari,DEIOLA,deiola,6.0,6.0,0,0,0,0,0,0,0,Parma,Parma - Cagliari
2026-2027,1,Cagliari,FADERA,fadera,,,0,0,0,0,0,0,0,Parma,Parma - Cagliari
2026-2027,1,Cagliari,FAZZINI,fazzini,6.0,5.5,0,0,1,0,0,0,0,Parma,Parma - Cagliari
2026-2027,1,Cagliari,LITETA,liteta,,,0,0,0,0,0,0,0,Parma,Parma - Cagliari
2026-2027,1,Cagliari,MALDINI,maldini,5.5,5.5,0,0,0,0,0,0,0,Parma,Parma - Cagliari
2026-2027,1,Cagliari,PRATI,prati,,,0,0,0,0,0,0,0,Parma,Parma - Cagliari
2026-2027,1,Cagliari,ROMANO,romano,7.5,10.5,1,0,0,0,0,0,0,Parma,Parma - Cagliari
2026-2027,1,Cagliari,WINKS,winks,6.0,6.0,0,0,0,0,0,0,0,Parma,Parma - Cagliari
2026-2027,1,Cagliari,ALBARRACIN,albarracin,,,0,0,0,0,0,0,0,Parma,Parma - Cagliari
2026-2027,1,Cagliari,BORRELLI,borrelli,6.0,6.0,0,0,0,0,0,0,0,Parma,Parma - Cagliari
2026-2027,1,Cagliari,CARLOS,carlos,,,0,0,0,0,0,0,0,Parma,Parma - Cagliari
2026-2027,1,Cagliari,ESPOSITO,esposito,,,0,0,0,0,0,0,0,Parma,Parma - Cagliari
2026-2027,1,Cagliari,FELICI,felici,6.0,6.0,0,0,0,0,0,0,0,Parma,Parma - Cagliari
2026-2027,1,Cagliari,MENDY,mendy,5.5,5.5,0,0,0,0,0,0,0,Parma,Parma - Cagliari
2026-2027,1,Cagliari,MUTANDWA,mutandwa,,,0,0,0,0,0,0,0,Parma,Parma - Cagliari
2026-2027,1,Cagliari,TREPY,trepy,,,0,0,0,0,0,0,0,Parma,Parma - Cagliari
2026-2027,1,Cagliari,PISACANE,pisacane,6.5,3.0,0,0,0,0,0,0,0,Parma,Parma - Cagliari
2026-2027,1,Fiorentina,CHRISTENSEN,christensen,,,0,0,0,0,0,0,0,Roma,Roma - Fiorentina
2026-2027,1,Fiorentina,DE GEA,de gea,5.0,1.0,-4,0,0,0,0,0,0,Roma,Roma - Fiorentina
2026-2027,1,Fiorentina,LEZZERINI,lezzerini,,,0,0,0,0,0,0,0,Roma,Roma - Fiorentina
2026-2027,1,Fiorentina,DODO,dodo,4.5,4.5,0,0,0,0,0,0,0,Roma,Roma - Fiorentina
2026-2027,1,Fiorentina,DRAGUSIN,dragusin,4.0,4.0,0,0,0,0,0,0,0,Roma,Roma - Fiorentina
2026-2027,1,Fiorentina,JIMENEZ,jimenez,6.0,6.0,0,0,0,0,0,0,0,Roma,Roma - Fiorentina
2026-2027,1,Fiorentina,KOSPO,kospo,,,0,0,0,0,0,0,0,Roma,Roma - Fiorentina
2026-2027,1,Fiorentina,MARIO,mario,4.0,4.0,0,0,0,0,0,0,0,Roma,Roma - Fiorentina
2026-2027,1,Fiorentina,PARISI,parisi,,,0,0,0,0,0,0,0,Roma,Roma - Fiorentina
2026-2027,1,Fiorentina,PONGRACIC,pongracic,,,0,0,0,0,0,0,0,Roma,Roma - Fiorentina
2026-2027,1,Fiorentina,RANIERI,ranieri,4.0,4.0,0,0,0,0,0,0,0,Roma,Roma - Fiorentina
2026-2027,1,Fiorentina,VALDEPENAS,valdepenas,,,0,0,0,0,0,0,0,Roma,Roma - Fiorentina
2026-2027,1,Fiorentina,VIERY,viery,,,0,0,0,0,0,0,0,Roma,Roma - Fiorentina
2026-2027,1,Fiorentina,ATTA,atta,4.5,4.5,0,0,0,0,0,0,0,Roma,Roma - Fiorentina
2026-2027,1,Fiorentina,BRESCIANINI,brescianini,4.5,4.5,0,0,0,0,0,0,0,Roma,Roma - Fiorentina
2026-2027,1,Fiorentina,FABBIAN,fabbian,,,0,0,0,0,0,0,0,Roma,Roma - Fiorentina
2026-2027,1,Fiorentina,FAGIOLI,fagioli,4.0,3.5,0,0,1,0,0,0,0,Roma,Roma - Fiorentina
2026-2027,1,Fiorentina,GUDMUNDSSON,gudmundsson,,,0,0,0,0,0,0,0,Roma,Roma - Fiorentina
2026-2027,1,Fiorentina,INAO OULAI,inao oulai,6.0,6.0,0,0,0,0,0,0,0,Roma,Roma - Fiorentina
2026-2027,1,Fiorentina,MANDRAGORA,mandragora,,6.0,0,0,0,0,0,0,0,Roma,Roma - Fiorentina
2026-2027,1,Fiorentina,MASTANTUONO,mastantuono,6.0,6.0,0,0,0,0,0,0,0,Roma,Roma - Fiorentina
2026-2027,1,Fiorentina,NDOUR,ndour,4.5,4.5,0,0,0,0,0,0,0,Roma,Roma - Fiorentina
2026-2027,1,Fiorentina,SOTTIL,sottil,,,0,0,0,0,0,0,0,Roma,Roma - Fiorentina
2026-2027,1,Fiorentina,KEAN,kean,6.0,6.0,0,0,0,0,0,0,0,Roma,Roma - Fiorentina
2026-2027,1,Fiorentina,NZOLA,nzola,,,0,0,0,0,0,0,0,Roma,Roma - Fiorentina
2026-2027,1,Fiorentina,PELLEGRINO,pellegrino,5.0,5.0,0,0,0,0,0,0,0,Roma,Roma - Fiorentina
2026-2027,1,Fiorentina,GROSSO,grosso,4.5,0.0,0,0,0,0,0,0,0,Roma,Roma - Fiorentina
2026-2027,1,Genoa,BIJLOW,bijlow,6.0,4.0,-2,0,0,0,0,0,0,Napoli,Genoa - Napoli
2026-2027,1,Genoa,LYSIONOK,lysionok,,,0,0,0,0,0,0,0,Napoli,Genoa - Napoli
2026-2027,1,Genoa,SOMMARIVA,sommariva,,,0,0,0,0,0,0,0,Napoli,Genoa - Napoli
2026-2027,1,Genoa,KUMER CELIK,kumer celik,,,0,0,0,0,0,0,0,Napoli,Genoa - Napoli
2026-2027,1,Genoa,MARCANDALLI,marcandalli,5.0,5.0,0,0,0,0,0,0,0,Napoli,Genoa - Napoli
2026-2027,1,Genoa,MARTIN,martin,,,0,0,0,0,0,0,0,Napoli,Genoa - Napoli
2026-2027,1,Genoa,MITAJ,mitaj,,,0,0,0,0,0,0,0,Napoli,Genoa - Napoli
2026-2027,1,Genoa,NORTON-CUFFY,norton-cuffy,6.0,6.0,0,0,0,0,0,0,0,Napoli,Genoa - Napoli
2026-2027,1,Genoa,OSTIGARD,ostigard,6.0,5.5,0,0,1,0,0,0,0,Napoli,Genoa - Napoli
2026-2027,1,Genoa,OTOA,otoa,5.5,5.5,0,0,0,0,0,0,0,Napoli,Genoa - Napoli
2026-2027,1,Genoa,PUCZKA,puczka,,,0,0,0,0,0,0,0,Napoli,Genoa - Napoli
2026-2027,1,Genoa,SABELLI,sabelli,,,0,0,0,0,0,0,0,Napoli,Genoa - Napoli
2026-2027,1,Genoa,VASQUEZ,vasquez,5.5,5.5,0,0,0,0,0,0,0,Napoli,Genoa - Napoli
2026-2027,1,Genoa,AMORIM,amorim,6.0,6.0,0,0,0,0,0,0,0,Napoli,Genoa - Napoli
2026-2027,1,Genoa,BALDANZI,baldanzi,6.5,6.5,0,0,0,0,0,0,0,Napoli,Genoa - Napoli
2026-2027,1,Genoa,ELLERTSSON,ellertsson,6.5,6.5,0,0,0,0,0,0,0,Napoli,Genoa - Napoli
2026-2027,1,Genoa,FRENDRUP,frendrup,6.5,6.5,0,0,0,0,0,0,0,Napoli,Genoa - Napoli
2026-2027,1,Genoa,LAFONT,lafont,,,0,0,0,0,0,0,0,Napoli,Genoa - Napoli
2026-2027,1,Genoa,MEICHTRY,meichtry,5.5,5.5,0,0,0,0,0,0,0,Napoli,Genoa - Napoli
2026-2027,1,Genoa,MESSIAS,messias,6.0,6.0,0,0,0,0,0,0,0,Napoli,Genoa - Napoli
2026-2027,1,Genoa,SOW,sow,5.5,5.5,0,0,0,0,0,0,0,Napoli,Genoa - Napoli
2026-2027,1,Genoa,TRAORE,traore,,,0,0,0,0,0,0,0,Napoli,Genoa - Napoli
2026-2027,1,Genoa,VENTURINO,venturino,,,0,0,0,0,0,0,0,Napoli,Genoa - Napoli
2026-2027,1,Genoa,WIAFE,wiafe,,,0,0,0,0,0,0,0,Napoli,Genoa - Napoli
2026-2027,1,Genoa,COLOMBO,colombo,5.5,5.5,0,0,0,0,0,0,0,Napoli,Genoa - Napoli
2026-2027,1,Genoa,HAVEL,havel,,,0,0,0,0,0,0,0,Napoli,Genoa - Napoli
2026-2027,1,Genoa,OSMAJIC,osmajic,,,0,0,0,0,0,0,0,Napoli,Genoa - Napoli
2026-2027,1,Genoa,VITINHA,vitinha,5.5,5.5,0,0,0,0,0,0,0,Napoli,Genoa - Napoli
2026-2027,1,Genoa,DE ROSSI,de rossi,5.5,0.0,0,0,0,0,0,0,0,Napoli,Genoa - Napoli
2026-2027,1,Inter,DI GENNARO,di gennaro,,,0,0,0,0,0,0,0,Monza,Inter - Monza
2026-2027,1,Inter,MARTINEZ,martinez,6.0,5.0,-1,0,0,0,0,0,0,Monza,Inter - Monza
2026-2027,1,Inter,PROVEDEL,provedel,,,0,0,0,0,0,0,0,Monza,Inter - Monza
2026-2027,1,Inter,AKANJI,akanji,5.5,5.5,0,0,0,0,0,0,0,Monza,Inter - Monza
2026-2027,1,Inter,BASTONI,bastoni,5.5,5.5,0,0,0,0,0,0,0,Monza,Inter - Monza
2026-2027,1,Inter,BISSECK,bisseck,7.0,10.0,1,0,0,0,0,0,0,Monza,Inter - Monza
2026-2027,1,Inter,BOVIO,bovio,,,0,0,0,0,0,0,0,Monza,Inter - Monza
2026-2027,1,Inter,CARLOS AUGUSTO,carlos augusto,,,0,0,0,0,0,0,0,Monza,Inter - Monza
2026-2027,1,Inter,DIMARCO,dimarco,6.0,6.0,0,0,0,0,0,0,0,Monza,Inter - Monza
2026-2027,1,Inter,PAVARD,pavard,,,0,0,0,0,0,0,0,Monza,Inter - Monza
2026-2027,1,Inter,SPENCE,spence,,,0,0,0,0,0,0,0,Monza,Inter - Monza
2026-2027,1,Inter,STONES,stones,,6.0,0,0,0,0,0,0,0,Monza,Inter - Monza
2026-2027,1,Inter,ASLLANI,asllani,,,0,0,0,0,0,0,0,Monza,Inter - Monza
2026-2027,1,Inter,BARELLA,barella,6.5,6.5,0,0,0,0,0,0,0,Monza,Inter - Monza
2026-2027,1,Inter,BERENBRUCH,berenbruch,,,0,0,0,0,0,0,0,Monza,Inter - Monza
2026-2027,1,Inter,CALHANOGLU,calhanoglu,7.5,10.0,1,0,1,0,0,0,0,Monza,Inter - Monza
2026-2027,1,Inter,CARBONI,carboni,,,0,0,0,0,0,0,0,Monza,Inter - Monza
2026-2027,1,Inter,DIOUF,diouf,7.0,9.0,0,2,0,0,0,0,0,Monza,Inter - Monza
2026-2027,1,Inter,JONES,jones,,,0,0,0,0,0,0,0,Monza,Inter - Monza
2026-2027,1,Inter,KAMATE,kamate,,,0,0,0,0,0,0,0,Monza,Inter - Monza
2026-2027,1,Inter,LUIS HENRIQUE,luis henrique,6.0,6.0,0,0,0,0,0,0,0,Monza,Inter - Monza
2026-2027,1,Inter,MASSOLIN,massolin,,,0,0,0,0,0,0,0,Monza,Inter - Monza
2026-2027,1,Inter,MKHITARYAN,mkhitaryan,,,0,0,0,0,0,0,0,Monza,Inter - Monza
2026-2027,1,Inter,STANKOVIC,stankovic,,,0,0,0,0,0,0,0,Monza,Inter - Monza
2026-2027,1,Inter,SUCIC,sucic,6.0,6.0,0,0,0,0,0,0,0,Monza,Inter - Monza
2026-2027,1,Inter,TOPALOVIC,topalovic,,,0,0,0,0,0,0,0,Monza,Inter - Monza
2026-2027,1,Inter,ZIELINSKI,zielinski,6.5,9.5,1,0,0,0,0,0,0,Monza,Inter - Monza
2026-2027,1,Inter,BONNY,bonny,6.0,6.0,0,0,0,0,0,0,0,Monza,Inter - Monza
2026-2027,1,Inter,ESPOSITO,esposito,8.0,12.0,1,1,0,0,0,0,0,Monza,Inter - Monza
2026-2027,1,Inter,LAVELLI,lavelli,,,0,0,0,0,0,0,0,Monza,Inter - Monza
2026-2027,1,Inter,MARTINEZ,martinez,5.5,5.0,0,0,1,0,0,0,0,Monza,Inter - Monza
2026-2027,1,Inter,MOSCONI,mosconi,,,0,0,0,0,0,0,0,Monza,Inter - Monza
2026-2027,1,Inter,SPINACCE,spinacce,,,0,0,0,0,0,0,0,Monza,Inter - Monza
2026-2027,1,Inter,THURAM,thuram,,,0,0,0,0,0,0,0,Monza,Inter - Monza
2026-2027,1,Inter,CHIVU,chivu,6.5,3.0,0,0,0,0,0,0,0,Monza,Inter - Monza
2026-2027,1,Juventus,DI GREGORIO,di gregorio,,,0,0,0,0,0,0,0,Frosinone,Frosinone - Juventus
2026-2027,1,Juventus,PERIN,perin,,,0,0,0,0,0,0,0,Frosinone,Frosinone - Juventus
2026-2027,1,Juventus,PINSOGLIO,pinsoglio,,,0,0,0,0,0,0,0,Frosinone,Frosinone - Juventus
2026-2027,1,Juventus,VICARIO,vicario,6.0,7.0,0,0,0,0,0,0,0,Frosinone,Frosinone - Juventus
2026-2027,1,Juventus,BREMER,bremer,6.5,9.5,1,0,0,0,0,0,0,Frosinone,Frosinone - Juventus
2026-2027,1,Juventus,CABAL,cabal,,,0,0,0,0,0,0,0,Frosinone,Frosinone - Juventus
2026-2027,1,Juventus,CAMBIASO,cambiaso,5.0,4.5,0,0,1,0,0,0,0,Frosinone,Frosinone - Juventus
2026-2027,1,Juventus,CELIK,celik,5.5,5.0,0,0,1,0,0,0,0,Frosinone,Frosinone - Juventus
2026-2027,1,Juventus,GATTI,gatti,,,0,0,0,0,0,0,0,Frosinone,Frosinone - Juventus
2026-2027,1,Juventus,KALULU,kalulu,6.5,6.5,0,0,0,0,0,0,0,Frosinone,Frosinone - Juventus
2026-2027,1,Juventus,KELLY,kelly,6.0,6.0,0,0,0,0,0,0,0,Frosinone,Frosinone - Juventus
2026-2027,1,Juventus,LUCUMI,lucumi,,,0,0,0,0,0,0,0,Frosinone,Frosinone - Juventus
2026-2027,1,Juventus,RUGANI,rugani,,,0,0,0,0,0,0,0,Frosinone,Frosinone - Juventus
2026-2027,1,Juventus,CONCEICAO,conceicao,6.5,7.5,0,1,0,0,0,0,0,Frosinone,Frosinone - Juventus
2026-2027,1,Juventus,KOOPMEINERS,koopmeiners,,6.0,0,0,0,0,0,0,0,Frosinone,Frosinone - Juventus
2026-2027,1,Juventus,LOCATELLI,locatelli,6.0,6.0,0,0,0,0,0,0,0,Frosinone,Frosinone - Juventus
2026-2027,1,Juventus,LUIZ,luiz,5.5,5.5,0,0,0,0,0,0,0,Frosinone,Frosinone - Juventus
2026-2027,1,Juventus,MCKENNIE,mckennie,6.0,6.0,0,0,0,0,0,0,0,Frosinone,Frosinone - Juventus
2026-2027,1,Juventus,MIRETTI,miretti,,,0,0,0,0,0,0,0,Frosinone,Frosinone - Juventus
2026-2027,1,Juventus,THURAM,thuram,,,0,0,0,0,0,0,0,Frosinone,Frosinone - Juventus
2026-2027,1,Juventus,ZHEGROVA,zhegrova,5.0,5.0,0,0,0,0,0,0,0,Frosinone,Frosinone - Juventus
2026-2027,1,Juventus,ALAJBEGOVIC,alajbegovic,,,0,0,0,0,0,0,0,Frosinone,Frosinone - Juventus
2026-2027,1,Juventus,BOGA,boga,5.5,5.5,0,0,0,0,0,0,0,Frosinone,Frosinone - Juventus
2026-2027,1,Juventus,DAVID,david,,,0,0,0,0,0,0,0,Frosinone,Frosinone - Juventus
2026-2027,1,Juventus,EKHATOR,ekhator,,,0,0,0,0,0,0,0,Frosinone,Frosinone - Juventus
2026-2027,1,Juventus,GONZALEZ,gonzalez,,,0,0,0,0,0,0,0,Frosinone,Frosinone - Juventus
2026-2027,1,Juventus,KOLO MUANI,kolo muani,5.0,5.0,0,0,0,0,0,0,0,Frosinone,Frosinone - Juventus
2026-2027,1,Juventus,MILIK,milik,,,0,0,0,0,0,0,0,Frosinone,Frosinone - Juventus
2026-2027,1,Juventus,YILDIZ,yildiz,5.0,5.0,0,0,0,0,0,0,0,Frosinone,Frosinone - Juventus
2026-2027,1,Juventus,SPALLETTI,spalletti,6.5,3.0,0,0,0,0,0,0,0,Frosinone,Frosinone - Juventus
2026-2027,1,Lazio,FURLANETTO,furlanetto,,,0,0,0,0,0,0,0,Bologna,Bologna - Lazio
2026-2027,1,Lazio,MANDAS,mandas,7.5,8.5,0,0,0,0,0,0,0,Bologna,Bologna - Lazio
2026-2027,1,Lazio,MOTTA,motta,,,0,0,0,0,0,0,0,Bologna,Bologna - Lazio
2026-2027,1,Lazio,DOEKHI,doekhi,6.0,6.0,0,0,0,0,0,0,0,Bologna,Bologna - Lazio
2026-2027,1,Lazio,GALASSI,galassi,,,0,0,0,0,0,0,0,Bologna,Bologna - Lazio
2026-2027,1,Lazio,GIGOT,gigot,,,0,0,0,0,0,0,0,Bologna,Bologna - Lazio
2026-2027,1,Lazio,LAZZARI,lazzari,,,0,0,0,0,0,0,0,Bologna,Bologna - Lazio
2026-2027,1,Lazio,MARUSIC,marusic,6.0,6.0,0,0,0,0,0,0,0,Bologna,Bologna - Lazio
2026-2027,1,Lazio,MUSSOLINI,mussolini,6.5,6.0,0,0,1,0,0,0,0,Bologna,Bologna - Lazio
2026-2027,1,Lazio,NUNO TAVARES,nuno tavares,,6.0,0,0,0,0,0,0,0,Bologna,Bologna - Lazio
2026-2027,1,Lazio,PATRIC,patric,,,0,0,0,0,0,0,0,Bologna,Bologna - Lazio
2026-2027,1,Lazio,PEDRAZA,pedraza,6.5,6.5,0,0,0,0,0,0,0,Bologna,Bologna - Lazio
2026-2027,1,Lazio,PELLEGRINI,pellegrini,,,0,0,0,0,0,0,0,Bologna,Bologna - Lazio
2026-2027,1,Lazio,PROVSTGAARD,provstgaard,6.0,5.5,0,0,1,0,0,0,0,Bologna,Bologna - Lazio
2026-2027,1,Lazio,ROMAGNOLI,romagnoli,,,0,0,0,0,0,0,0,Bologna,Bologna - Lazio
2026-2027,1,Lazio,SUTALO,sutalo,,,0,0,0,0,0,0,0,Bologna,Bologna - Lazio
2026-2027,1,Lazio,BELAHYANE,belahyane,,,0,0,0,0,0,0,0,Bologna,Bologna - Lazio
2026-2027,1,Lazio,CATALDI,cataldi,,,0,0,0,0,0,0,0,Bologna,Bologna - Lazio
2026-2027,1,Lazio,DELE-BASHIRU,dele-bashiru,5.5,5.5,0,0,0,0,0,0,0,Bologna,Bologna - Lazio
2026-2027,1,Lazio,FRATTESI,frattesi,7.5,10.5,1,0,0,0,0,0,0,Bologna,Bologna - Lazio
2026-2027,1,Lazio,PRZYBOREK,przyborek,,,0,0,0,0,0,0,0,Bologna,Bologna - Lazio
2026-2027,1,Lazio,ROVELLA,rovella,6.5,6.5,0,0,0,0,0,0,0,Bologna,Bologna - Lazio
2026-2027,1,Lazio,TAYLOR,taylor,7.0,7.0,0,0,0,0,0,0,0,Bologna,Bologna - Lazio
2026-2027,1,Lazio,ZACCAGNI,zaccagni,6.0,6.0,0,0,0,0,0,0,0,Bologna,Bologna - Lazio
2026-2027,1,Lazio,CANCELLIERI,cancellieri,5.5,5.0,0,0,1,0,0,0,0,Bologna,Bologna - Lazio
2026-2027,1,Lazio,DIA,dia,7.0,7.5,0,1,1,0,0,0,0,Bologna,Bologna - Lazio
2026-2027,1,Lazio,ISAKSEN,isaksen,6.0,6.0,0,0,0,0,0,0,0,Bologna,Bologna - Lazio
2026-2027,1,Lazio,NOSLIN,noslin,,6.0,0,0,0,0,0,0,0,Bologna,Bologna - Lazio
2026-2027,1,Lazio,RATKOV,ratkov,,,0,0,0,0,0,0,0,Bologna,Bologna - Lazio
2026-2027,1,Lazio,GATTUSO,gattuso,7.0,4.0,0,0,0,0,0,0,0,Bologna,Bologna - Lazio
2026-2027,1,Lecce,BLEVE,bleve,,,0,0,0,0,0,0,0,Venezia,Venezia - Lecce
2026-2027,1,Lecce,FALCONE,falcone,7.0,8.0,0,0,0,0,0,0,0,Venezia,Venezia - Lecce
2026-2027,1,Lecce,PENEV,penev,,,0,0,0,0,0,0,0,Venezia,Venezia - Lecce
2026-2027,1,Lecce,GABRIEL,gabriel,6.5,9.5,1,0,0,0,0,0,0,Venezia,Venezia - Lecce
2026-2027,1,Lecce,GALLO,gallo,6.0,6.0,0,0,0,0,0,0,0,Venezia,Venezia - Lecce
2026-2027,1,Lecce,GASPAR,gaspar,6.5,6.0,0,0,1,0,0,0,0,Venezia,Venezia - Lecce
2026-2027,1,Lecce,JEAN,jean,,,0,0,0,0,0,0,0,Venezia,Venezia - Lecce
2026-2027,1,Lecce,KOUASSI,kouassi,,,0,0,0,0,0,0,0,Venezia,Venezia - Lecce
2026-2027,1,Lecce,NDABA,ndaba,6.0,6.0,0,0,0,0,0,0,0,Venezia,Venezia - Lecce
2026-2027,1,Lecce,SIEBERT,siebert,6.5,6.5,0,0,0,0,0,0,0,Venezia,Venezia - Lecce
2026-2027,1,Lecce,VEIGA,veiga,6.5,7.0,0,1,1,0,0,0,0,Venezia,Venezia - Lecce
2026-2027,1,Lecce,BERISHA,berisha,,,0,0,0,0,0,0,0,Venezia,Venezia - Lecce
2026-2027,1,Lecce,COULIBALY,coulibaly,6.5,7.5,0,1,0,0,0,0,0,Venezia,Venezia - Lecce
2026-2027,1,Lecce,FOFANA,fofana,,,0,0,0,0,0,0,0,Venezia,Venezia - Lecce
2026-2027,1,Lecce,GANDELMAN,gandelman,,,0,0,0,0,0,0,0,Venezia,Venezia - Lecce
2026-2027,1,Lecce,GORTER,gorter,7.0,10.0,1,0,0,0,0,0,0,Venezia,Venezia - Lecce
2026-2027,1,Lecce,KABA,kaba,,,0,0,0,0,0,0,0,Venezia,Venezia - Lecce
2026-2027,1,Lecce,KOVAC,kovac,,,0,0,0,0,0,0,0,Venezia,Venezia - Lecce
2026-2027,1,Lecce,MALEH,maleh,6.0,6.0,0,0,0,0,0,0,0,Venezia,Venezia - Lecce
2026-2027,1,Lecce,NGOM,ngom,6.0,5.5,0,0,1,0,0,0,0,Venezia,Venezia - Lecce
2026-2027,1,Lecce,PIEROTTI,pierotti,6.0,6.0,0,0,0,0,0,0,0,Venezia,Venezia - Lecce
2026-2027,1,Lecce,GEUBBELS,geubbels,5.5,5.5,0,0,0,0,0,0,0,Venezia,Venezia - Lecce
2026-2027,1,Lecce,JOVIC,jovic,,,0,0,0,0,0,0,0,Venezia,Venezia - Lecce
2026-2027,1,Lecce,LAERKE,laerke,,,0,0,0,0,0,0,0,Venezia,Venezia - Lecce
2026-2027,1,Lecce,NDRI,ndri,5.5,5.5,0,0,0,0,0,0,0,Venezia,Venezia - Lecce
2026-2027,1,Lecce,STULIC,stulic,5.0,5.0,0,0,0,0,0,0,0,Venezia,Venezia - Lecce
2026-2027,1,Lecce,DI FRANCESCO,di francesco,7.0,4.0,0,0,0,0,0,0,0,Venezia,Venezia - Lecce
2026-2027,1,Milan,MAIGNAN,maignan,6.0,5.0,-1,0,0,0,0,0,0,Torino,Torino - Milan
2026-2027,1,Milan,PITTARELLA,pittarella,,,0,0,0,0,0,0,0,Torino,Torino - Milan
2026-2027,1,Milan,TERRACCIANO,terracciano,,,0,0,0,0,0,0,0,Torino,Torino - Milan
2026-2027,1,Milan,TORRIANI,torriani,,,0,0,0,0,0,0,0,Torino,Torino - Milan
2026-2027,1,Milan,BARTESAGHI,bartesaghi,6.0,6.0,0,0,0,0,0,0,0,Torino,Torino - Milan
2026-2027,1,Milan,DE WINTER,de winter,6.0,6.0,0,0,0,0,0,0,0,Torino,Torino - Milan
2026-2027,1,Milan,DIAWARA,diawara,,,0,0,0,0,0,0,0,Torino,Torino - Milan
2026-2027,1,Milan,ESTUPINAN,estupinan,6.0,6.0,0,0,0,0,0,0,0,Torino,Torino - Milan
2026-2027,1,Milan,GABBIA,gabbia,6.0,6.0,0,0,0,0,0,0,0,Torino,Torino - Milan
2026-2027,1,Milan,GILA,gila,6.5,6.5,0,0,0,0,0,0,0,Torino,Torino - Milan
2026-2027,1,Milan,PAVLOVIC,pavlovic,6.5,6.5,0,0,0,0,0,0,0,Torino,Torino - Milan
2026-2027,1,Milan,TERRACCIANO,terracciano,,,0,0,0,0,0,0,0,Torino,Torino - Milan
2026-2027,1,Milan,TOMORI,tomori,,,0,0,0,0,0,0,0,Torino,Torino - Milan
2026-2027,1,Milan,BONDO,bondo,,,0,0,0,0,0,0,0,Torino,Torino - Milan
2026-2027,1,Milan,CHUKWUEZE,chukwueze,7.0,8.0,0,1,0,0,0,0,0,Torino,Torino - Milan
2026-2027,1,Milan,CISSE,cisse,7.0,10.0,1,0,0,0,0,0,0,Torino,Torino - Milan
2026-2027,1,Milan,COMOTTO,comotto,,,0,0,0,0,0,0,0,Torino,Torino - Milan
2026-2027,1,Milan,FOFANA,fofana,,,0,0,0,0,0,0,0,Torino,Torino - Milan
2026-2027,1,Milan,JASHARI,jashari,6.0,6.0,0,0,0,0,0,0,0,Torino,Torino - Milan
2026-2027,1,Milan,LOFTUS-CHEEK,loftus-cheek,5.0,4.5,0,0,1,0,0,0,0,Torino,Torino - Milan
2026-2027,1,Milan,MODRIC,modric,6.5,6.5,0,0,0,0,0,0,0,Torino,Torino - Milan
2026-2027,1,Milan,MOREIRA,moreira,,,0,0,0,0,0,0,0,Torino,Torino - Milan
2026-2027,1,Milan,MUSAH,musah,6.5,6.5,0,0,0,0,0,0,0,Torino,Torino - Milan
2026-2027,1,Milan,PULISIC,pulisic,,,0,0,0,0,0,0,0,Torino,Torino - Milan
2026-2027,1,Milan,RABIOT,rabiot,7.5,11.5,1,1,0,0,0,0,0,Torino,Torino - Milan
2026-2027,1,Milan,RICCI,ricci,,,0,0,0,0,0,0,0,Torino,Torino - Milan
2026-2027,1,Milan,SAELEMAEKERS,saelemaekers,6.0,6.0,0,0,0,0,0,0,0,Torino,Torino - Milan
2026-2027,1,Milan,ZEROLI,zeroli,,,0,0,0,0,0,0,0,Torino,Torino - Milan
2026-2027,1,Milan,BALENTIEN,balentien,,,0,0,0,0,0,0,0,Torino,Torino - Milan
2026-2027,1,Milan,CAMARDA,camarda,,,0,0,0,0,0,0,0,Torino,Torino - Milan
2026-2027,1,Milan,GIMENEZ,gimenez,,,0,0,0,0,0,0,0,Torino,Torino - Milan
2026-2027,1,Milan,LEAO,leao,,,0,0,0,0,0,0,0,Torino,Torino - Milan
2026-2027,1,Milan,NKUNKU,nkunku,,,0,0,0,0,0,0,0,Torino,Torino - Milan
2026-2027,1,Milan,RAMOS,ramos,6.5,6.5,0,0,0,0,0,0,0,Torino,Torino - Milan
2026-2027,1,Milan,AMORIM,amorim,7.0,4.5,0,0,0,0,0,0,0,Torino,Torino - Milan
2026-2027,1,Monza,PIZZIGNACCO,pizzignacco,4.0,0.0,-4,0,0,0,0,0,0,Inter,Inter - Monza
2026-2027,1,Monza,STRAJNAR,strajnar,,,0,0,0,0,0,0,0,Inter,Inter - Monza
2026-2027,1,Monza,THIAM,thiam,,,0,0,0,0,0,0,0,Inter,Inter - Monza
2026-2027,1,Monza,ANTOV,antov,,,0,0,0,0,0,0,0,Inter,Inter - Monza
2026-2027,1,Monza,BAKOUNE,bakoune,5.5,5.5,0,0,0,0,0,0,0,Inter,Inter - Monza
2026-2027,1,Monza,BIRINDELLI,birindelli,5.0,5.0,0,0,0,0,0,0,0,Inter,Inter - Monza
2026-2027,1,Monza,CARBONI,carboni,5.5,5.5,0,0,0,0,0,0,0,Inter,Inter - Monza
2026-2027,1,Monza,DELLI CARRI,delli carri,,,0,0,0,0,0,0,0,Inter,Inter - Monza
2026-2027,1,Monza,KOUADIO,kouadio,5.5,5.0,0,0,1,0,0,0,0,Inter,Inter - Monza
2026-2027,1,Monza,LUCCHESI,lucchesi,5.0,4.5,0,0,1,0,0,0,0,Inter,Inter - Monza
2026-2027,1,Monza,MANGAS,mangas,5.5,5.5,0,0,0,0,0,0,0,Inter,Inter - Monza
2026-2027,1,Monza,AKINSANMIRO,akinsanmiro,,,0,0,0,0,0,0,0,Inter,Inter - Monza
2026-2027,1,Monza,BALLABIO,ballabio,,,0,0,0,0,0,0,0,Inter,Inter - Monza
2026-2027,1,Monza,CIURRIA,ciurria,,,0,0,0,0,0,0,0,Inter,Inter - Monza
2026-2027,1,Monza,COLOMBO,colombo,,,0,0,0,0,0,0,0,Inter,Inter - Monza
2026-2027,1,Monza,COLPANI,colpani,5.5,5.5,0,0,0,0,0,0,0,Inter,Inter - Monza
2026-2027,1,Monza,FOE-ONDOA,foe-ondoa,5.5,5.5,0,0,0,0,0,0,0,Inter,Inter - Monza
2026-2027,1,Monza,GALAZZI,galazzi,6.0,6.0,0,0,0,0,0,0,0,Inter,Inter - Monza
2026-2027,1,Monza,MOUT,mout,6.5,7.5,0,1,0,0,0,0,0,Inter,Inter - Monza
2026-2027,1,Monza,PESSINA,pessina,,,0,0,0,0,0,0,0,Inter,Inter - Monza
2026-2027,1,Monza,TOURE,toure,,,0,0,0,0,0,0,0,Inter,Inter - Monza
2026-2027,1,Monza,BALDE,balde,,,0,0,0,0,0,0,0,Inter,Inter - Monza
2026-2027,1,Monza,CUTRONE,cutrone,6.0,6.0,0,0,0,0,0,0,0,Inter,Inter - Monza
2026-2027,1,Monza,FORSON,forson,5.5,5.5,0,0,0,0,0,0,0,Inter,Inter - Monza
2026-2027,1,Monza,LOUBAO,loubao,,,0,0,0,0,0,0,0,Inter,Inter - Monza
2026-2027,1,Monza,MARTINS,martins,,,0,0,0,0,0,0,0,Inter,Inter - Monza
2026-2027,1,Monza,MOTA,mota,,,0,0,0,0,0,0,0,Inter,Inter - Monza
2026-2027,1,Monza,ROBINSON,robinson,,,0,0,0,0,0,0,0,Inter,Inter - Monza
2026-2027,1,Monza,VARELA,varela,7.0,10.0,1,0,0,0,0,0,0,Inter,Inter - Monza
2026-2027,1,Monza,JURIC,juric,6.0,0.0,0,0,0,0,0,0,0,Inter,Inter - Monza
2026-2027,1,Napoli,CONTINI,contini,,,0,0,0,0,0,0,0,Genoa,Genoa - Napoli
2026-2027,1,Napoli,MERET,meret,6.0,7.0,0,0,0,0,0,0,0,Genoa,Genoa - Napoli
2026-2027,1,Napoli,MILINKOVIC SAVIC,milinkovic savic,,,0,0,0,0,0,0,0,Genoa,Genoa - Napoli
2026-2027,1,Napoli,BADIASHILE,badiashile,,,0,0,0,0,0,0,0,Genoa,Genoa - Napoli
2026-2027,1,Napoli,BEUKEMA,beukema,,,0,0,0,0,0,0,0,Genoa,Genoa - Napoli
2026-2027,1,Napoli,BUONGIORNO,buongiorno,,,0,0,0,0,0,0,0,Genoa,Genoa - Napoli
2026-2027,1,Napoli,DI LORENZO,di lorenzo,6.5,6.5,0,0,0,0,0,0,0,Genoa,Genoa - Napoli
2026-2027,1,Napoli,FAVASULI,favasuli,,,0,0,0,0,0,0,0,Genoa,Genoa - Napoli
2026-2027,1,Napoli,GAROFALO,garofalo,,,0,0,0,0,0,0,0,Genoa,Genoa - Napoli
2026-2027,1,Napoli,MARIANUCCI,marianucci,,,0,0,0,0,0,0,0,Genoa,Genoa - Napoli
2026-2027,1,Napoli,MARIN,marin,5.5,5.5,0,0,0,0,0,0,0,Genoa,Genoa - Napoli
2026-2027,1,Napoli,MAZZOCCHI,mazzocchi,,,0,0,0,0,0,0,0,Genoa,Genoa - Napoli
2026-2027,1,Napoli,OBARETIN,obaretin,,,0,0,0,0,0,0,0,Genoa,Genoa - Napoli
2026-2027,1,Napoli,OLIVERA,olivera,,6.0,0,0,0,0,0,0,0,Genoa,Genoa - Napoli
2026-2027,1,Napoli,RRAHMANI,rrahmani,6.0,6.0,0,0,0,0,0,0,0,Genoa,Genoa - Napoli
2026-2027,1,Napoli,SPINAZZOLA,spinazzola,6.0,6.0,0,0,0,0,0,0,0,Genoa,Genoa - Napoli
2026-2027,1,Napoli,ANGUISSA,anguissa,5.5,5.5,0,0,0,0,0,0,0,Genoa,Genoa - Napoli
2026-2027,1,Napoli,CAJUSTE,cajuste,,,0,0,0,0,0,0,0,Genoa,Genoa - Napoli
2026-2027,1,Napoli,DE BRUYNE,de bruyne,7.0,11.0,1,1,0,0,0,0,0,Genoa,Genoa - Napoli
2026-2027,1,Napoli,FOLORUNSHO,folorunsho,,,0,0,0,0,0,0,0,Genoa,Genoa - Napoli
2026-2027,1,Napoli,GILMOUR,gilmour,,,0,0,0,0,0,0,0,Genoa,Genoa - Napoli
2026-2027,1,Napoli,LINDSTROM,lindstrom,,,0,0,0,0,0,0,0,Genoa,Genoa - Napoli
2026-2027,1,Napoli,LOBOTKA,lobotka,6.5,6.5,0,0,0,0,0,0,0,Genoa,Genoa - Napoli
2026-2027,1,Napoli,MCTOMINAY,mctominay,6.0,6.0,0,0,0,0,0,0,0,Genoa,Genoa - Napoli
2026-2027,1,Napoli,POLITANO,politano,5.0,4.5,0,0,1,0,0,0,0,Genoa,Genoa - Napoli
2026-2027,1,Napoli,SANTOS,santos,6.5,6.5,0,0,0,0,0,0,0,Genoa,Genoa - Napoli
2026-2027,1,Napoli,VERGARA,vergara,7.0,11.0,1,1,0,0,0,0,0,Genoa,Genoa - Napoli
2026-2027,1,Napoli,CHEDDIRA,cheddira,,,0,0,0,0,0,0,0,Genoa,Genoa - Napoli
2026-2027,1,Napoli,GIOVANE,giovane,,,0,0,0,0,0,0,0,Genoa,Genoa - Napoli
2026-2027,1,Napoli,HOJLUND,hojlund,5.0,5.0,0,0,0,0,0,0,0,Genoa,Genoa - Napoli
2026-2027,1,Napoli,LANG,lang,6.5,6.5,0,0,0,0,0,0,0,Genoa,Genoa - Napoli
2026-2027,1,Napoli,LUCCA,lucca,6.5,6.5,0,0,0,0,0,0,0,Genoa,Genoa - Napoli
2026-2027,1,Napoli,NERES,neres,,,0,0,0,0,0,0,0,Genoa,Genoa - Napoli
2026-2027,1,Napoli,NGONGE,ngonge,,,0,0,0,0,0,0,0,Genoa,Genoa - Napoli
2026-2027,1,Napoli,VIGLIOTTI,vigliotti,,,0,0,0,0,0,0,0,Genoa,Genoa - Napoli
2026-2027,1,Napoli,ALLEGRI,allegri,6.5,6.0,0,0,0,0,0,0,0,Genoa,Genoa - Napoli
2026-2027,1,Roma,GOLLINI,gollini,,,0,0,0,0,0,0,0,Fiorentina,Roma - Fiorentina
2026-2027,1,Roma,SVILAR,svilar,6.5,7.5,0,0,0,0,0,0,0,Fiorentina,Roma - Fiorentina
2026-2027,1,Roma,VASQUEZ,vasquez,,,0,0,0,0,0,0,0,Fiorentina,Roma - Fiorentina
2026-2027,1,Roma,GHILARDI,ghilardi,,,0,0,0,0,0,0,0,Fiorentina,Roma - Fiorentina
2026-2027,1,Roma,HERMOSO,hermoso,6.0,5.5,0,0,1,0,0,0,0,Fiorentina,Roma - Fiorentina
2026-2027,1,Roma,KOULIERAKIS,koulierakis,6.0,6.0,0,0,0,0,0,0,0,Fiorentina,Roma - Fiorentina
2026-2027,1,Roma,LULLI,lulli,6.5,6.5,0,0,0,0,0,0,0,Fiorentina,Roma - Fiorentina
2026-2027,1,Roma,MANCINI,mancini,7.0,7.0,0,0,0,0,0,0,0,Fiorentina,Roma - Fiorentina
2026-2027,1,Roma,MANNINI,mannini,,,0,0,0,0,0,0,0,Fiorentina,Roma - Fiorentina
2026-2027,1,Roma,MOLINA,molina,,,0,0,0,0,0,0,0,Fiorentina,Roma - Fiorentina
2026-2027,1,Roma,NDICKA,ndicka,7.5,7.5,0,0,0,0,0,0,0,Fiorentina,Roma - Fiorentina
2026-2027,1,Roma,RENSCH,rensch,,,0,0,0,0,0,0,0,Fiorentina,Roma - Fiorentina
2026-2027,1,Roma,WESLEY,wesley,6.0,6.0,0,0,0,0,0,0,0,Fiorentina,Roma - Fiorentina
2026-2027,1,Roma,ZIOLKOWSKI,ziolkowski,,,0,0,0,0,0,0,0,Fiorentina,Roma - Fiorentina
2026-2027,1,Roma,CRISTANTE,cristante,6.5,6.5,0,0,0,0,0,0,0,Fiorentina,Roma - Fiorentina
2026-2027,1,Roma,EL AYNAOUI,el aynaoui,,,0,0,0,0,0,0,0,Fiorentina,Roma - Fiorentina
2026-2027,1,Roma,KONE,kone,7.5,7.0,0,0,1,0,0,0,0,Fiorentina,Roma - Fiorentina
2026-2027,1,Roma,MORA,mora,6.5,6.5,0,0,0,0,0,0,0,Fiorentina,Roma - Fiorentina
2026-2027,1,Roma,PELLEGRINI,pellegrini,,,0,0,0,0,0,0,0,Fiorentina,Roma - Fiorentina
2026-2027,1,Roma,PISILLI,pisilli,6.5,9.5,1,0,0,0,0,0,0,Fiorentina,Roma - Fiorentina
2026-2027,1,Roma,ARENA,arena,,,0,0,0,0,0,0,0,Fiorentina,Roma - Fiorentina
2026-2027,1,Roma,CASTRO,castro,6.0,6.0,0,0,0,0,0,0,0,Fiorentina,Roma - Fiorentina
2026-2027,1,Roma,DYBALA,dybala,8.0,11.0,0,3,0,0,0,0,0,Fiorentina,Roma - Fiorentina
2026-2027,1,Roma,MALEN,malen,8.5,17.5,3,0,0,0,0,0,0,Fiorentina,Roma - Fiorentina
2026-2027,1,Roma,SOULE,soule,6.0,6.0,0,0,0,0,0,0,0,Fiorentina,Roma - Fiorentina
2026-2027,1,Roma,VAZ,vaz,,,0,0,0,0,0,0,0,Fiorentina,Roma - Fiorentina
2026-2027,1,Roma,GASPERINI,gasperini,8.0,4.0,0,0,0,0,0,0,0,Fiorentina,Roma - Fiorentina
2026-2027,1,Sassuolo,MURIC,muric,6.5,4.5,-2,0,0,0,0,0,0,Atalanta,Atalanta - Sassuolo
2026-2027,1,Sassuolo,SATALINO,satalino,,,0,0,0,0,0,0,0,Atalanta,Atalanta - Sassuolo
2026-2027,1,Sassuolo,TURATI,turati,,,0,0,0,0,0,0,0,Atalanta,Atalanta - Sassuolo
2026-2027,1,Sassuolo,CANDE,cande,,,0,0,0,0,0,0,0,Atalanta,Atalanta - Sassuolo
2026-2027,1,Sassuolo,DOIG,doig,5.5,5.5,0,0,0,0,0,0,0,Atalanta,Atalanta - Sassuolo
2026-2027,1,Sassuolo,IDZES,idzes,,,0,0,0,0,0,0,0,Atalanta,Atalanta - Sassuolo
2026-2027,1,Sassuolo,LEYSEN,leysen,6.0,6.0,0,0,0,0,0,0,0,Atalanta,Atalanta - Sassuolo
2026-2027,1,Sassuolo,MACCHIONI,macchioni,5.0,5.0,0,0,0,0,0,0,0,Atalanta,Atalanta - Sassuolo
2026-2027,1,Sassuolo,MISSORI,missori,,,0,0,0,0,0,0,0,Atalanta,Atalanta - Sassuolo
2026-2027,1,Sassuolo,OBRADOR,obrador,,,0,0,0,0,0,0,0,Atalanta,Atalanta - Sassuolo
2026-2027,1,Sassuolo,ODENTHAL,odenthal,6.0,9.0,1,0,0,0,0,0,0,Atalanta,Atalanta - Sassuolo
2026-2027,1,Sassuolo,PIERAGNOLO,pieragnolo,,,0,0,0,0,0,0,0,Atalanta,Atalanta - Sassuolo
2026-2027,1,Sassuolo,WALUKIEWICZ,walukiewicz,,,0,0,0,0,0,0,0,Atalanta,Atalanta - Sassuolo
2026-2027,1,Sassuolo,ADZIC,adzic,5.5,5.5,0,0,0,0,0,0,0,Atalanta,Atalanta - Sassuolo
2026-2027,1,Sassuolo,BAKOLA,bakola,5.5,5.5,0,0,0,0,0,0,0,Atalanta,Atalanta - Sassuolo
2026-2027,1,Sassuolo,BOLOCA,boloca,,,0,0,0,0,0,0,0,Atalanta,Atalanta - Sassuolo
2026-2027,1,Sassuolo,CINQUEGRANO,cinquegrano,5.0,5.0,0,0,0,0,0,0,0,Atalanta,Atalanta - Sassuolo
2026-2027,1,Sassuolo,IANNONI,iannoni,,,0,0,0,0,0,0,0,Atalanta,Atalanta - Sassuolo
2026-2027,1,Sassuolo,KONE,kone,,,0,0,0,0,0,0,0,Atalanta,Atalanta - Sassuolo
2026-2027,1,Sassuolo,LIPANI,lipani,,,0,0,0,0,0,0,0,Atalanta,Atalanta - Sassuolo
2026-2027,1,Sassuolo,MATIC,matic,6.0,6.0,0,0,0,0,0,0,0,Atalanta,Atalanta - Sassuolo
2026-2027,1,Sassuolo,NUAMAH,nuamah,,,0,0,0,0,0,0,0,Atalanta,Atalanta - Sassuolo
2026-2027,1,Sassuolo,THORSTVEDT,thorstvedt,6.0,6.0,0,0,0,0,0,0,0,Atalanta,Atalanta - Sassuolo
2026-2027,1,Sassuolo,VOLPATO,volpato,5.5,5.5,0,0,0,0,0,0,0,Atalanta,Atalanta - Sassuolo
2026-2027,1,Sassuolo,ALVAREZ,alvarez,,,0,0,0,0,0,0,0,Atalanta,Atalanta - Sassuolo
2026-2027,1,Sassuolo,BERARDI,berardi,,,0,0,0,0,0,0,0,Atalanta,Atalanta - Sassuolo
2026-2027,1,Sassuolo,BOWIE,bowie,6.0,6.0,0,0,0,0,0,0,0,Atalanta,Atalanta - Sassuolo
2026-2027,1,Sassuolo,DOMINGUEZ,dominguez,5.5,5.5,0,0,0,0,0,0,0,Atalanta,Atalanta - Sassuolo
2026-2027,1,Sassuolo,LAURIENTE,lauriente,6.5,6.5,0,0,0,0,0,0,0,Atalanta,Atalanta - Sassuolo
2026-2027,1,Sassuolo,PINAMONTI,pinamonti,,,0,0,0,0,0,0,0,Atalanta,Atalanta - Sassuolo
2026-2027,1,Sassuolo,AQUILANI,aquilani,6.0,0.0,0,0,0,0,0,0,0,Atalanta,Atalanta - Sassuolo
2026-2027,1,Torino,ISRAEL,israel,,,0,0,0,0,0,0,0,Milan,Torino - Milan
2026-2027,1,Torino,MASCARDI,mascardi,6.0,4.0,-2,0,0,0,0,0,0,Milan,Torino - Milan
2026-2027,1,Torino,PALEARI,paleari,,,0,0,0,0,0,0,0,Milan,Torino - Milan
2026-2027,1,Torino,SIVIERO,siviero,,,0,0,0,0,0,0,0,Milan,Torino - Milan
2026-2027,1,Torino,BIRAGHI,biraghi,,,0,0,0,0,0,0,0,Milan,Torino - Milan
2026-2027,1,Torino,COCO,coco,5.5,5.5,0,0,0,0,0,0,0,Milan,Torino - Milan
2026-2027,1,Torino,COMERT,comert,,,0,0,0,0,0,0,0,Milan,Torino - Milan
2026-2027,1,Torino,COMUZZO,comuzzo,6.5,6.5,0,0,0,0,0,0,0,Milan,Torino - Milan
2026-2027,1,Torino,DEMBELE,dembele,,,0,0,0,0,0,0,0,Milan,Torino - Milan
2026-2027,1,Torino,FORTINI,fortini,6.0,6.0,0,0,0,0,0,0,0,Milan,Torino - Milan
2026-2027,1,Torino,ISMAJLI,ismajli,6.5,6.5,0,0,0,0,0,0,0,Milan,Torino - Milan
2026-2027,1,Torino,PEDERSEN,pedersen,6.0,6.0,0,0,0,0,0,0,0,Milan,Torino - Milan
2026-2027,1,Torino,ANJORIN,anjorin,,,0,0,0,0,0,0,0,Milan,Torino - Milan
2026-2027,1,Torino,CACCIAMANI,cacciamani,5.5,5.5,0,0,0,0,0,0,0,Milan,Torino - Milan
2026-2027,1,Torino,CASADEI,casadei,5.0,5.0,0,0,0,0,0,0,0,Milan,Torino - Milan
2026-2027,1,Torino,FITZ-JIM,fitz-jim,6.0,6.0,0,0,0,0,0,0,0,Milan,Torino - Milan
2026-2027,1,Torino,GINEITIS,gineitis,6.0,7.0,0,1,0,0,0,0,0,Milan,Torino - Milan
2026-2027,1,Torino,ILIC,ilic,,,0,0,0,0,0,0,0,Milan,Torino - Milan
2026-2027,1,Torino,ILKHAN,ilkhan,,,0,0,0,0,0,0,0,Milan,Torino - Milan
2026-2027,1,Torino,LUONGO,luongo,,,0,0,0,0,0,0,0,Milan,Torino - Milan
2026-2027,1,Torino,ORISTANIO,oristanio,,,0,0,0,0,0,0,0,Milan,Torino - Milan
2026-2027,1,Torino,VLASIC,vlasic,6.0,6.0,0,0,0,0,0,0,0,Milan,Torino - Milan
2026-2027,1,Torino,ABOUKHLAL,aboukhlal,5.0,5.0,0,0,0,0,0,0,0,Milan,Torino - Milan
2026-2027,1,Torino,ADAMS,adams,7.0,10.0,1,0,0,0,0,0,0,Milan,Torino - Milan
2026-2027,1,Torino,KULENOVIC,kulenovic,,,0,0,0,0,0,0,0,Milan,Torino - Milan
2026-2027,1,Torino,NJIE,njie,7.5,7.5,0,0,0,0,0,0,0,Milan,Torino - Milan
2026-2027,1,Torino,SIMEONE,simeone,5.5,5.5,0,0,0,0,0,0,0,Milan,Torino - Milan
2026-2027,1,Torino,ZAPATA,zapata,,,0,0,0,0,0,0,0,Milan,Torino - Milan
2026-2027,1,Torino,ABATE,abate,6.0,1.0,0,0,0,0,0,0,0,Milan,Torino - Milan
2026-2027,1,Udinese,OKOYE,okoye,7.0,6.0,-1,0,0,0,0,0,0,Como,Udinese - Como
2026-2027,1,Udinese,PADELLI,padelli,,,0,0,0,0,0,0,0,Como,Udinese - Como
2026-2027,1,Udinese,PIANA,piana,,,0,0,0,0,0,0,0,Como,Udinese - Como
2026-2027,1,Udinese,ABANKWAH,abankwah,6.0,5.5,0,0,1,0,0,0,0,Como,Udinese - Como
2026-2027,1,Udinese,ARIZALA,arizala,,,0,0,0,0,0,0,0,Como,Udinese - Como
2026-2027,1,Udinese,BERTOLA,bertola,,,0,0,0,0,0,0,0,Como,Udinese - Como
2026-2027,1,Udinese,EBOSSE,ebosse,5.5,5.5,0,0,0,0,0,0,0,Como,Udinese - Como
2026-2027,1,Udinese,GOGLICHIDZE,goglichidze,,,0,0,0,0,0,0,0,Como,Udinese - Como
2026-2027,1,Udinese,KABASELE,kabasele,,,0,0,0,0,0,0,0,Como,Udinese - Como
2026-2027,1,Udinese,KAMARA,kamara,7.0,10.0,1,0,0,0,0,0,0,Como,Udinese - Como
2026-2027,1,Udinese,MLACIC,mlacic,,,0,0,0,0,0,0,0,Como,Udinese - Como
2026-2027,1,Udinese,PALMA,palma,6.5,6.5,0,0,0,0,0,0,0,Como,Udinese - Como
2026-2027,1,Udinese,SOLET,solet,6.5,6.5,0,0,0,0,0,0,0,Como,Udinese - Como
2026-2027,1,Udinese,VOJVODA,vojvoda,6.0,6.0,0,0,0,0,0,0,0,Como,Udinese - Como
2026-2027,1,Udinese,ZANOLI,zanoli,,,0,0,0,0,0,0,0,Como,Udinese - Como
2026-2027,1,Udinese,CAMARA,camara,,,0,0,0,0,0,0,0,Como,Udinese - Como
2026-2027,1,Udinese,CHAKVETADZE,chakvetadze,,,0,0,0,0,0,0,0,Como,Udinese - Como
2026-2027,1,Udinese,EKKELENKAMP,ekkelenkamp,6.5,7.5,0,1,0,0,0,0,0,Como,Udinese - Como
2026-2027,1,Udinese,GOMEZ,gomez,,5.5,0,0,1,0,0,0,0,Como,Udinese - Como
2026-2027,1,Udinese,KARLSTROM,karlstrom,6.0,6.0,0,0,0,0,0,0,0,Como,Udinese - Como
2026-2027,1,Udinese,LOVRIC,lovric,,,0,0,0,0,0,0,0,Como,Udinese - Como
2026-2027,1,Udinese,MILLER,miller,6.0,6.0,0,0,0,0,0,0,0,Como,Udinese - Como
2026-2027,1,Udinese,PIOTROWSKI,piotrowski,5.5,5.0,0,0,1,0,0,0,0,Como,Udinese - Como
2026-2027,1,Udinese,ZANIOLO,zaniolo,7.0,7.0,0,0,0,0,0,0,0,Como,Udinese - Como
2026-2027,1,Udinese,ZARRAGA,zarraga,,,0,0,0,0,0,0,0,Como,Udinese - Como
2026-2027,1,Udinese,BAYO,bayo,4.0,4.0,0,0,0,0,0,0,0,Como,Udinese - Como
2026-2027,1,Udinese,BUKSA,buksa,,,0,0,0,0,0,0,0,Como,Udinese - Como
2026-2027,1,Udinese,DAVIS,davis,,,0,0,0,0,0,0,0,Como,Udinese - Como
2026-2027,1,Udinese,GUEYE,gueye,4.5,4.5,0,0,0,0,0,0,0,Como,Udinese - Como
2026-2027,1,Udinese,MODESTO,modesto,,,0,0,0,0,0,0,0,Como,Udinese - Como
2026-2027,1,Udinese,VINCIATI,vinciati,,,0,0,0,0,0,0,0,Como,Udinese - Como
2026-2027,1,Udinese,RUNJAIC,runjaic,6.5,1.0,0,0,0,0,0,0,0,Como,Udinese - Como
2026-2027,1,Parma,CORVI,corvi,6.5,5.5,-1,0,0,0,0,0,0,Cagliari,Parma - Cagliari
2026-2027,1,Parma,DAFFARA,daffara,,,0,0,0,0,0,0,0,Cagliari,Parma - Cagliari
2026-2027,1,Parma,BRITSCHGI,britschgi,,,0,0,0,0,0,0,0,Cagliari,Parma - Cagliari
2026-2027,1,Parma,CARBONI,carboni,,,0,0,0,0,0,0,0,Cagliari,Parma - Cagliari
2026-2027,1,Parma,DELPRATO,delprato,5.5,5.5,0,0,0,0,0,0,0,Cagliari,Parma - Cagliari
2026-2027,1,Parma,NDIAYE,ndiaye,6.0,6.0,0,0,0,0,0,0,0,Cagliari,Parma - Cagliari
2026-2027,1,Parma,TROILO,troilo,6.5,6.5,0,0,0,0,0,0,0,Cagliari,Parma - Cagliari
2026-2027,1,Parma,VALENTI,valenti,,,0,0,0,0,0,0,0,Cagliari,Parma - Cagliari
2026-2027,1,Parma,VALERI,valeri,6.0,6.0,0,0,0,0,0,0,0,Cagliari,Parma - Cagliari
2026-2027,1,Parma,BERNABE,bernabe,6.0,6.0,0,0,0,0,0,0,0,Cagliari,Parma - Cagliari
2026-2027,1,Parma,CREMASCHI,cremaschi,,,0,0,0,0,0,0,0,Cagliari,Parma - Cagliari
2026-2027,1,Parma,KEITA,keita,5.0,5.0,0,0,0,0,0,0,0,Cagliari,Parma - Cagliari
2026-2027,1,Parma,KOUDA,kouda,5.0,5.0,0,0,0,0,0,0,0,Cagliari,Parma - Cagliari
2026-2027,1,Parma,NICOLUSSI CAVIGLIA,nicolussi caviglia,,,0,0,0,0,0,0,0,Cagliari,Parma - Cagliari
2026-2027,1,Parma,ORDONEZ,ordonez,5.5,5.5,0,0,0,0,0,0,0,Cagliari,Parma - Cagliari
2026-2027,1,Parma,SORENSEN,sorensen,,,0,0,0,0,0,0,0,Cagliari,Parma - Cagliari
2026-2027,1,Parma,ALMQVIST,almqvist,5.5,5.5,0,0,0,0,0,0,0,Cagliari,Parma - Cagliari
2026-2027,1,Parma,DE MARTIS,de martis,,,0,0,0,0,0,0,0,Cagliari,Parma - Cagliari
2026-2027,1,Parma,DIALLO,diallo,5.0,5.0,0,0,0,0,0,0,0,Cagliari,Parma - Cagliari
2026-2027,1,Parma,ELPHEGE,elphege,,,0,0,0,0,0,0,0,Cagliari,Parma - Cagliari
2026-2027,1,Parma,FRIGAN,frigan,,,0,0,0,0,0,0,0,Cagliari,Parma - Cagliari
2026-2027,1,Parma,LONTANI,lontani,6.5,6.5,0,0,0,0,0,0,0,Cagliari,Parma - Cagliari
2026-2027,1,Parma,ROMERO,romero,,,0,0,0,0,0,0,0,Cagliari,Parma - Cagliari
2026-2027,1,Parma,TOURE,toure,5.5,5.5,0,0,0,0,0,0,0,Cagliari,Parma - Cagliari
2026-2027,1,Parma,CUESTA,cuesta,5.5,0.0,0,0,0,0,0,0,0,Cagliari,Parma - Cagliari
2026-2027,1,Como,AUDERO,audero,,,0,0,0,0,0,0,0,Udinese,Udinese - Como
2026-2027,1,Como,BUTEZ,butez,7.0,6.0,-1,0,0,0,0,0,0,Udinese,Udinese - Como
2026-2027,1,Como,TORNQVIST,tornqvist,,,0,0,0,0,0,0,0,Udinese,Udinese - Como
2026-2027,1,Como,CHALOBAH,chalobah,7.0,7.0,0,0,0,0,0,0,0,Udinese,Udinese - Como
2026-2027,1,Como,COUTO,couto,5.0,5.0,0,0,0,0,0,0,0,Udinese,Udinese - Como
2026-2027,1,Como,DE PAOLI,de paoli,,,0,0,0,0,0,0,0,Udinese,Udinese - Como
2026-2027,1,Como,DOSSENA,dossena,,,0,0,0,0,0,0,0,Udinese,Udinese - Como
2026-2027,1,Como,GOLDANIGA,goldaniga,,,0,0,0,0,0,0,0,Udinese,Udinese - Como
2026-2027,1,Como,KAIKI,kaiki,,,0,0,0,0,0,0,0,Udinese,Udinese - Como
2026-2027,1,Como,KEMPF,kempf,,,0,0,0,0,0,0,0,Udinese,Udinese - Como
2026-2027,1,Como,RAMON,ramon,5.0,5.0,0,0,0,0,0,0,0,Udinese,Udinese - Como
2026-2027,1,Como,SMOLCIC,smolcic,,,0,0,0,0,0,0,0,Udinese,Udinese - Como
2026-2027,1,Como,VALLE,valle,6.0,6.0,0,0,0,0,0,0,0,Udinese,Udinese - Como
2026-2027,1,Como,VAN DER BREMPT,van der brempt,,,0,0,0,0,0,0,0,Udinese,Udinese - Como
2026-2027,1,Como,BATURINA,baturina,5.0,5.0,0,0,0,0,0,0,0,Udinese,Udinese - Como
2026-2027,1,Como,CAQUERET,caqueret,,,0,0,0,0,0,0,0,Udinese,Udinese - Como
2026-2027,1,Como,DA CUNHA,da cunha,6.5,6.5,0,0,0,0,0,0,0,Udinese,Udinese - Como
2026-2027,1,Como,LAHDO,lahdo,,,0,0,0,0,0,0,0,Udinese,Udinese - Como
2026-2027,1,Como,LIBERALI,liberali,6.5,6.5,0,0,0,0,0,0,0,Udinese,Udinese - Como
2026-2027,1,Como,MAZZITELLI,mazzitelli,,,0,0,0,0,0,0,0,Udinese,Udinese - Como
2026-2027,1,Como,MILLA,milla,6.0,6.0,0,0,0,0,0,0,0,Udinese,Udinese - Como
2026-2027,1,Como,PAZ,paz,5.5,5.5,0,0,0,0,0,0,0,Udinese,Udinese - Como
2026-2027,1,Como,PERRONE,perrone,5.5,5.5,0,0,0,0,0,0,0,Udinese,Udinese - Como
2026-2027,1,Como,ADDAI,addai,,,0,0,0,0,0,0,0,Udinese,Udinese - Como
2026-2027,1,Como,DIAO,diao,6.5,6.5,0,0,0,0,0,0,0,Udinese,Udinese - Como
2026-2027,1,Como,DOUVIKAS,douvikas,6.5,9.5,1,0,0,0,0,0,0,Udinese,Udinese - Como
2026-2027,1,Como,KUHN,kuhn,,,0,0,0,0,0,0,0,Udinese,Udinese - Como
2026-2027,1,Como,MORATA,morata,,,0,0,0,0,0,0,0,Udinese,Udinese - Como
2026-2027,1,Como,RODRIGUEZ,rodriguez,4.5,4.5,0,0,0,0,0,0,0,Udinese,Udinese - Como
2026-2027,1,Como,FABREGAS,fabregas,5.5,1.0,0,0,0,0,0,0,0,Udinese,Udinese - Como
2026-2027,1,Venezia,GRANDI,grandi,,,0,0,0,0,0,0,0,Lecce,Venezia - Lecce
2026-2027,1,Venezia,MONTIPO,montipo,,,0,0,0,0,0,0,0,Lecce,Venezia - Lecce
2026-2027,1,Venezia,POZZI,pozzi,,,0,0,0,0,0,0,0,Lecce,Venezia - Lecce
2026-2027,1,Venezia,STANKOVIC,stankovic,5.5,3.5,-2,0,0,0,0,0,0,Lecce,Venezia - Lecce
2026-2027,1,Venezia,BELLA-KOTCHAP,bella-kotchap,4.5,4.5,0,0,0,0,0,0,0,Lecce,Venezia - Lecce
2026-2027,1,Venezia,CORREIA,correia,6.0,6.0,0,0,0,0,0,0,0,Lecce,Venezia - Lecce
2026-2027,1,Venezia,FRANJIC,franjic,6.0,6.0,0,0,0,0,0,0,0,Lecce,Venezia - Lecce
2026-2027,1,Venezia,GOMES,gomes,,,0,0,0,0,0,0,0,Lecce,Venezia - Lecce
2026-2027,1,Venezia,HALHAL,halhal,,,0,0,0,0,0,0,0,Lecce,Venezia - Lecce
2026-2027,1,Venezia,HAPS,haps,6.5,6.5,0,0,0,0,0,0,0,Lecce,Venezia - Lecce
2026-2027,1,Venezia,LIGUE,ligue,,,0,0,0,0,0,0,0,Lecce,Venezia - Lecce
2026-2027,1,Venezia,MORENO,moreno,,,0,0,0,0,0,0,0,Lecce,Venezia - Lecce
2026-2027,1,Venezia,SAGRADO,sagrado,,,0,0,0,0,0,0,0,Lecce,Venezia - Lecce
2026-2027,1,Venezia,SCHINGTIENNE,schingtienne,5.5,5.5,0,0,0,0,0,0,0,Lecce,Venezia - Lecce
2026-2027,1,Venezia,SVERKO,sverko,,,0,0,0,0,0,0,0,Lecce,Venezia - Lecce
2026-2027,1,Venezia,BASIC,basic,6.0,6.0,0,0,0,0,0,0,0,Lecce,Venezia - Lecce
2026-2027,1,Venezia,BERARDI,berardi,,,0,0,0,0,0,0,0,Lecce,Venezia - Lecce
2026-2027,1,Venezia,BOHINEN,bohinen,,,0,0,0,0,0,0,0,Lecce,Venezia - Lecce
2026-2027,1,Venezia,BUSIO,busio,6.5,6.5,0,0,0,0,0,0,0,Lecce,Venezia - Lecce
2026-2027,1,Venezia,DAGASSO,dagasso,6.0,5.5,0,0,1,0,0,0,0,Lecce,Venezia - Lecce
2026-2027,1,Venezia,DUNCAN,duncan,,,0,0,0,0,0,0,0,Lecce,Venezia - Lecce
2026-2027,1,Venezia,FARJI,farji,,,0,0,0,0,0,0,0,Lecce,Venezia - Lecce
2026-2027,1,Venezia,HAINAUT,hainaut,5.5,5.5,0,0,0,0,0,0,0,Lecce,Venezia - Lecce
2026-2027,1,Venezia,HELGASON,helgason,,,0,0,0,0,0,0,0,Lecce,Venezia - Lecce
2026-2027,1,Venezia,PEREZ,perez,6.0,6.0,0,0,0,0,0,0,0,Lecce,Venezia - Lecce
2026-2027,1,Venezia,SOHM,sohm,,,0,0,0,0,0,0,0,Lecce,Venezia - Lecce
2026-2027,1,Venezia,ADAMS,adams,5.0,5.0,0,0,0,0,0,0,0,Lecce,Venezia - Lecce
2026-2027,1,Venezia,ADORANTE,adorante,,,0,0,0,0,0,0,0,Lecce,Venezia - Lecce
2026-2027,1,Venezia,CASAS,casas,,,0,0,0,0,0,0,0,Lecce,Venezia - Lecce
2026-2027,1,Venezia,LAUBERBACH,lauberbach,,,0,0,0,0,0,0,0,Lecce,Venezia - Lecce
2026-2027,1,Venezia,LISMAN,lisman,,,0,0,0,0,0,0,0,Lecce,Venezia - Lecce
2026-2027,1,Venezia,OKORO,okoro,,,0,0,0,0,0,0,0,Lecce,Venezia - Lecce
2026-2027,1,Venezia,RRAHMANI,rrahmani,,,0,0,0,0,0,0,0,Lecce,Venezia - Lecce
2026-2027,1,Venezia,YEBOAH,yeboah,5.5,5.5,0,0,0,0,0,0,0,Lecce,Venezia - Lecce
2026-2027,1,Venezia,STROPPA,stroppa,5.5,0.0,0,0,0,0,0,0,0,Lecce,Venezia - Lecce
2026-2027,1,Frosinone,DESPLANCHES,desplanches,,,0,0,0,0,0,0,0,Juventus,Frosinone - Juventus
2026-2027,1,Frosinone,LOLIC,lolic,,,0,0,0,0,0,0,0,Juventus,Frosinone - Juventus
2026-2027,1,Frosinone,PALMISANI,palmisani,6.0,5.0,-1,0,0,0,0,0,0,Juventus,Frosinone - Juventus
2026-2027,1,Frosinone,AKPOGUMA,akpoguma,,,0,0,0,0,0,0,0,Juventus,Frosinone - Juventus
2026-2027,1,Frosinone,AMEY,amey,,,0,0,0,0,0,0,0,Juventus,Frosinone - Juventus
2026-2027,1,Frosinone,BRACAGLIA,bracaglia,5.5,5.5,0,0,0,0,0,0,0,Juventus,Frosinone - Juventus
2026-2027,1,Frosinone,CALVANI,calvani,6.5,6.0,0,0,1,0,0,0,0,Juventus,Frosinone - Juventus
2026-2027,1,Frosinone,CITTADINI,cittadini,6.0,6.0,0,0,0,0,0,0,0,Juventus,Frosinone - Juventus
2026-2027,1,Frosinone,CORRADO,corrado,,,0,0,0,0,0,0,0,Juventus,Frosinone - Juventus
2026-2027,1,Frosinone,EL AZZOUZI,el azzouzi,,,0,0,0,0,0,0,0,Juventus,Frosinone - Juventus
2026-2027,1,Frosinone,FAYED,fayed,,,0,0,0,0,0,0,0,Juventus,Frosinone - Juventus
2026-2027,1,Frosinone,MONTERISI,monterisi,5.5,5.5,0,0,0,0,0,0,0,Juventus,Frosinone - Juventus
2026-2027,1,Frosinone,OYONO,oyono,6.0,6.0,0,0,0,0,0,0,0,Juventus,Frosinone - Juventus
2026-2027,1,Frosinone,OYONO,oyono,,,0,0,0,0,0,0,0,Juventus,Frosinone - Juventus
2026-2027,1,Frosinone,TERZIC,terzic,,6.0,0,0,0,0,0,0,0,Juventus,Frosinone - Juventus
2026-2027,1,Frosinone,CALO,calo,6.0,6.0,0,0,0,0,0,0,0,Juventus,Frosinone - Juventus
2026-2027,1,Frosinone,CICHELLA,cichella,6.0,6.0,0,0,0,0,0,0,0,Juventus,Frosinone - Juventus
2026-2027,1,Frosinone,GELLI,gelli,,,0,0,0,0,0,0,0,Juventus,Frosinone - Juventus
2026-2027,1,Frosinone,GRILLITSCH,grillitsch,,,0,0,0,0,0,0,0,Juventus,Frosinone - Juventus
2026-2027,1,Frosinone,GROSSO,grosso,,,0,0,0,0,0,0,0,Juventus,Frosinone - Juventus
2026-2027,1,Frosinone,HASA,hasa,6.5,6.5,0,0,0,0,0,0,0,Juventus,Frosinone - Juventus
2026-2027,1,Frosinone,KONE,kone,,,0,0,0,0,0,0,0,Juventus,Frosinone - Juventus
2026-2027,1,Frosinone,KOUTSOUPIAS,koutsoupias,,,0,0,0,0,0,0,0,Juventus,Frosinone - Juventus
2026-2027,1,Frosinone,MASINI,masini,6.0,6.0,0,0,0,0,0,0,0,Juventus,Frosinone - Juventus
2026-2027,1,Frosinone,SCHMID,schmid,5.0,4.5,0,0,1,0,0,0,0,Juventus,Frosinone - Juventus
2026-2027,1,Frosinone,TOCI,toci,,,0,0,0,0,0,0,0,Juventus,Frosinone - Juventus
2026-2027,1,Frosinone,ZERBIN,zerbin,6.0,6.0,0,0,0,0,0,0,0,Juventus,Frosinone - Juventus
2026-2027,1,Frosinone,BARCELLA,barcella,,,0,0,0,0,0,0,0,Juventus,Frosinone - Juventus
2026-2027,1,Frosinone,CICHERO,cichero,,,0,0,0,0,0,0,0,Juventus,Frosinone - Juventus
2026-2027,1,Frosinone,COLLEY,colley,,,0,0,0,0,0,0,0,Juventus,Frosinone - Juventus
2026-2027,1,Frosinone,FINI,fini,5.0,5.0,0,0,0,0,0,0,0,Juventus,Frosinone - Juventus
2026-2027,1,Frosinone,GHEDJEMIS,ghedjemis,,,0,0,0,0,0,0,0,Juventus,Frosinone - Juventus
2026-2027,1,Frosinone,KVERNADZE,kvernadze,6.5,6.5,0,0,0,0,0,0,0,Juventus,Frosinone - Juventus
2026-2027,1,Frosinone,RAIMONDO,raimondo,5.5,5.5,0,0,0,0,0,0,0,Juventus,Frosinone - Juventus
2026-2027,1,Frosinone,ALVINI,alvini,6.0,0.0,0,0,0,0,0,0,0,Juventus,Frosinone - Juventus
2026-2027,2,Atalanta,CARNESECCHI,carnesecchi,7.0,8.0,0,0,0,0,0,0,0,Bologna,Atalanta - Bologna
2026-2027,2,Atalanta,PARDEL,pardel,,,0,0,0,0,0,0,0,Bologna,Atalanta - Bologna
2026-2027,2,Atalanta,ROSSI,rossi,,,0,0,0,0,0,0,0,Bologna,Atalanta - Bologna
2026-2027,2,Atalanta,SPORTIELLO,sportiello,,,0,0,0,0,0,0,0,Bologna,Atalanta - Bologna
2026-2027,2,Atalanta,AHANOR,ahanor,,,0,0,0,0,0,0,0,Bologna,Atalanta - Bologna
2026-2027,2,Atalanta,BAKKER,bakker,,,0,0,0,0,0,0,0,Bologna,Atalanta - Bologna
2026-2027,2,Atalanta,BELLANOVA,bellanova,,6.0,0,0,0,0,0,0,0,Bologna,Atalanta - Bologna
2026-2027,2,Atalanta,BERNASCONI,bernasconi,,,0,0,0,0,0,0,0,Bologna,Atalanta - Bologna
2026-2027,2,Atalanta,COMI,comi,,,0,0,0,0,0,0,0,Bologna,Atalanta - Bologna
2026-2027,2,Atalanta,HIEN,hien,,,0,0,0,0,0,0,0,Bologna,Atalanta - Bologna
2026-2027,2,Atalanta,KOLASINAC,kolasinac,6.0,6.0,0,0,0,0,0,0,0,Bologna,Atalanta - Bologna
2026-2027,2,Atalanta,KOSSOUNOU,kossounou,6.5,6.5,0,0,0,0,0,0,0,Bologna,Atalanta - Bologna
2026-2027,2,Atalanta,KRISTENSEN,kristensen,,,0,0,0,0,0,0,0,Bologna,Atalanta - Bologna
2026-2027,2,Atalanta,SCALVINI,scalvini,6.5,6.5,0,0,0,0,0,0,0,Bologna,Atalanta - Bologna
2026-2027,2,Atalanta,ZAPPACOSTA,zappacosta,6.0,6.0,0,0,0,0,0,0,0,Bologna,Atalanta - Bologna
2026-2027,2,Atalanta,CASSA,cassa,,,0,0,0,0,0,0,0,Bologna,Atalanta - Bologna
2026-2027,2,Atalanta,EDERSON,ederson,5.5,5.5,0,0,0,0,0,0,0,Bologna,Atalanta - Bologna
2026-2027,2,Atalanta,ELMAS,elmas,6.0,6.0,0,0,0,0,0,0,0,Bologna,Atalanta - Bologna
2026-2027,2,Atalanta,GAETANO,gaetano,5.5,5.5,0,0,0,0,0,0,0,Bologna,Atalanta - Bologna
2026-2027,2,Atalanta,MANZONI,manzoni,,,0,0,0,0,0,0,0,Bologna,Atalanta - Bologna
2026-2027,2,Atalanta,PASALIC,pasalic,6.0,6.0,0,0,0,0,0,0,0,Bologna,Atalanta - Bologna
2026-2027,2,Atalanta,SAMARDZIC,samardzic,7.0,10.0,1,0,0,0,0,0,0,Bologna,Atalanta - Bologna
2026-2027,2,Atalanta,SULEMANA,sulemana,,,0,0,0,0,0,0,0,Bologna,Atalanta - Bologna
2026-2027,2,Atalanta,ZALEWSKI,zalewski,6.0,7.0,0,1,0,0,0,0,0,Bologna,Atalanta - Bologna
2026-2027,2,Atalanta,DE KETELAERE,de ketelaere,5.0,5.0,0,0,0,0,0,0,0,Bologna,Atalanta - Bologna
2026-2027,2,Atalanta,KRSTOVIC,krstovic,6.0,5.5,0,0,1,0,0,0,0,Bologna,Atalanta - Bologna
2026-2027,2,Atalanta,RASPADORI,raspadori,5.0,5.0,0,0,0,0,0,0,0,Bologna,Atalanta - Bologna
2026-2027,2,Atalanta,SCAMACCA,scamacca,6.0,6.0,0,0,0,0,0,0,0,Bologna,Atalanta - Bologna
2026-2027,2,Atalanta,SULEMANA,sulemana,,,0,0,0,0,0,0,0,Bologna,Atalanta - Bologna
2026-2027,2,Atalanta,SARRI,sarri,6.5,4.5,0,0,0,0,0,0,0,Bologna,Atalanta - Bologna
2026-2027,2,Bologna,HAPPONEN,happonen,,,0,0,0,0,0,0,0,Atalanta,Atalanta - Bologna
2026-2027,2,Bologna,PESSINA,pessina,,,0,0,0,0,0,0,0,Atalanta,Atalanta - Bologna
2026-2027,2,Bologna,SKORUPSKI,skorupski,4.5,3.5,-1,0,0,0,0,0,0,Atalanta,Atalanta - Bologna
2026-2027,2,Bologna,ALHASSANE,alhassane,6.5,6.5,0,0,0,0,0,0,0,Atalanta,Atalanta - Bologna
2026-2027,2,Bologna,CASALE,casale,,,0,0,0,0,0,0,0,Atalanta,Atalanta - Bologna
2026-2027,2,Bologna,DE SILVESTRI,de silvestri,,,0,0,0,0,0,0,0,Atalanta,Atalanta - Bologna
2026-2027,2,Bologna,HEGGEM,heggem,5.5,5.5,0,0,0,0,0,0,0,Atalanta,Atalanta - Bologna
2026-2027,2,Bologna,HELLAND,helland,6.0,6.0,0,0,0,0,0,0,0,Atalanta,Atalanta - Bologna
2026-2027,2,Bologna,HOLM,holm,6.0,6.0,0,0,0,0,0,0,0,Atalanta,Atalanta - Bologna
2026-2027,2,Bologna,MIRANDA,miranda,,,0,0,0,0,0,0,0,Atalanta,Atalanta - Bologna
2026-2027,2,Bologna,VITIK,vitik,,,0,0,0,0,0,0,0,Atalanta,Atalanta - Bologna
2026-2027,2,Bologna,ZORTEA,zortea,5.5,5.5,0,0,0,0,0,0,0,Atalanta,Atalanta - Bologna
2026-2027,2,Bologna,AMONDARAIN,amondarain,5.0,5.0,0,0,0,0,0,0,0,Atalanta,Atalanta - Bologna
2026-2027,2,Bologna,BERNARDESCHI,bernardeschi,7.0,7.0,0,0,0,0,0,0,0,Atalanta,Atalanta - Bologna
2026-2027,2,Bologna,EL AZZOUZI,el azzouzi,,,0,0,0,0,0,0,0,Atalanta,Atalanta - Bologna
2026-2027,2,Bologna,FERGUSON,ferguson,7.0,7.0,0,0,0,0,0,0,0,Atalanta,Atalanta - Bologna
2026-2027,2,Bologna,MORO,moro,,6.0,0,0,0,0,0,0,0,Atalanta,Atalanta - Bologna
2026-2027,2,Bologna,ODGAARD,odgaard,6.5,6.5,0,0,0,0,0,0,0,Atalanta,Atalanta - Bologna
2026-2027,2,Bologna,ORSOLINI,orsolini,,6.0,0,0,0,0,0,0,0,Atalanta,Atalanta - Bologna
2026-2027,2,Bologna,POBEGA,pobega,6.0,6.0,0,0,0,0,0,0,0,Atalanta,Atalanta - Bologna
2026-2027,2,Bologna,CAMBIAGHI,cambiaghi,7.0,7.0,0,0,0,0,0,0,0,Atalanta,Atalanta - Bologna
2026-2027,2,Bologna,DOVBYK,dovbyk,5.0,5.0,0,0,0,0,0,0,0,Atalanta,Atalanta - Bologna
2026-2027,2,Bologna,KARLSSON,karlsson,,,0,0,0,0,0,0,0,Atalanta,Atalanta - Bologna
2026-2027,2,Bologna,PICCOLI,piccoli,5.5,5.5,0,0,0,0,0,0,0,Atalanta,Atalanta - Bologna
2026-2027,2,Bologna,ROWE,rowe,,,0,0,0,0,0,0,0,Atalanta,Atalanta - Bologna
2026-2027,2,Bologna,TEDESCO,tedesco,7.0,-0.5,0,0,1,0,0,0,0,Atalanta,Atalanta - Bologna
2026-2027,2,Cagliari,CAPRILE,caprile,6.5,5.5,-1,0,0,0,0,0,0,Inter,Cagliari - Inter
2026-2027,2,Cagliari,RADUNOVIC,radunovic,,,0,0,0,0,0,0,0,Inter,Cagliari - Inter
2026-2027,2,Cagliari,SHERRI,sherri,,,0,0,0,0,0,0,0,Inter,Cagliari - Inter
2026-2027,2,Cagliari,AURELIO,aurelio,,,0,0,0,0,0,0,0,Inter,Cagliari - Inter
2026-2027,2,Cagliari,IDRISSI,idrissi,,,0,0,0,0,0,0,0,Inter,Cagliari - Inter
2026-2027,2,Cagliari,KOFLER,kofler,6.0,6.0,0,0,0,0,0,0,0,Inter,Cagliari - Inter
2026-2027,2,Cagliari,MINA,mina,,,0,0,0,0,0,0,0,Inter,Cagliari - Inter
2026-2027,2,Cagliari,OBERT,obert,6.0,6.0,0,0,0,0,0,0,0,Inter,Cagliari - Inter
2026-2027,2,Cagliari,RODRIGUEZ,rodriguez,6.0,6.0,0,0,0,0,0,0,0,Inter,Cagliari - Inter
2026-2027,2,Cagliari,ZAPPA,zappa,,,0,0,0,0,0,0,0,Inter,Cagliari - Inter
2026-2027,2,Cagliari,ZE PEDRO,ze pedro,6.0,6.0,0,0,0,0,0,0,0,Inter,Cagliari - Inter
2026-2027,2,Cagliari,ADOPO,adopo,6.0,6.0,0,0,0,0,0,0,0,Inter,Cagliari - Inter
2026-2027,2,Cagliari,AKARAKIRI,akarakiri,,,0,0,0,0,0,0,0,Inter,Cagliari - Inter
2026-2027,2,Cagliari,DEIOLA,deiola,6.0,5.5,0,0,1,0,0,0,0,Inter,Cagliari - Inter
2026-2027,2,Cagliari,FADERA,fadera,6.5,6.5,0,0,0,0,0,0,0,Inter,Cagliari - Inter
2026-2027,2,Cagliari,FAZZINI,fazzini,5.0,5.0,0,0,0,0,0,0,0,Inter,Cagliari - Inter
2026-2027,2,Cagliari,GRANDU,grandu,,,0,0,0,0,0,0,0,Inter,Cagliari - Inter
2026-2027,2,Cagliari,LITETA,liteta,,,0,0,0,0,0,0,0,Inter,Cagliari - Inter
2026-2027,2,Cagliari,MALDINI,maldini,5.5,5.5,0,0,0,0,0,0,0,Inter,Cagliari - Inter
2026-2027,2,Cagliari,ROMANO,romano,7.0,7.0,0,0,0,0,0,0,0,Inter,Cagliari - Inter
2026-2027,2,Cagliari,WINKS,winks,5.5,5.5,0,0,0,0,0,0,0,Inter,Cagliari - Inter
2026-2027,2,Cagliari,BORRELLI,borrelli,,6.0,0,0,0,0,0,0,0,Inter,Cagliari - Inter
2026-2027,2,Cagliari,CARLOS,carlos,6.0,5.5,0,0,1,0,0,0,0,Inter,Cagliari - Inter
2026-2027,2,Cagliari,ESPOSITO,esposito,,,0,0,0,0,0,0,0,Inter,Cagliari - Inter
2026-2027,2,Cagliari,FELICI,felici,,,0,0,0,0,0,0,0,Inter,Cagliari - Inter
2026-2027,2,Cagliari,MENDY,mendy,6.0,6.0,0,0,0,0,0,0,0,Inter,Cagliari - Inter
2026-2027,2,Cagliari,MUTANDWA,mutandwa,,,0,0,0,0,0,0,0,Inter,Cagliari - Inter
2026-2027,2,Cagliari,TREPY,trepy,,,0,0,0,0,0,0,0,Inter,Cagliari - Inter
2026-2027,2,Cagliari,PISACANE,pisacane,6.5,0.0,0,0,0,0,0,0,0,Inter,Cagliari - Inter
2026-2027,2,Fiorentina,CHRISTENSEN,christensen,,,0,0,0,0,0,0,0,Frosinone,Fiorentina - Frosinone
2026-2027,2,Fiorentina,DE GEA,de gea,5.0,2.0,-3,0,0,0,0,0,0,Frosinone,Fiorentina - Frosinone
2026-2027,2,Fiorentina,LEZZERINI,lezzerini,,,0,0,0,0,0,0,0,Frosinone,Fiorentina - Frosinone
2026-2027,2,Fiorentina,DODO,dodo,,,0,0,0,0,0,0,0,Frosinone,Fiorentina - Frosinone
2026-2027,2,Fiorentina,DRAGUSIN,dragusin,4.0,3.5,0,0,1,0,0,0,0,Frosinone,Fiorentina - Frosinone
2026-2027,2,Fiorentina,JIMENEZ,jimenez,4.0,3.5,0,0,1,0,0,0,0,Frosinone,Fiorentina - Frosinone
2026-2027,2,Fiorentina,KOSPO,kospo,,,0,0,0,0,0,0,0,Frosinone,Fiorentina - Frosinone
2026-2027,2,Fiorentina,MARIO,mario,,,0,0,0,0,0,0,0,Frosinone,Fiorentina - Frosinone
2026-2027,2,Fiorentina,PARISI,parisi,,,0,0,0,0,0,0,0,Frosinone,Fiorentina - Frosinone
2026-2027,2,Fiorentina,PONGRACIC,pongracic,4.5,4.5,0,0,0,0,0,0,0,Frosinone,Fiorentina - Frosinone
2026-2027,2,Fiorentina,RANIERI,ranieri,,,0,0,0,0,0,0,0,Frosinone,Fiorentina - Frosinone
2026-2027,2,Fiorentina,VALDEPENAS,valdepenas,6.0,6.0,0,0,0,0,0,0,0,Frosinone,Fiorentina - Frosinone
2026-2027,2,Fiorentina,VIERY,viery,5.0,5.0,0,0,0,0,0,0,0,Frosinone,Fiorentina - Frosinone
2026-2027,2,Fiorentina,ATTA,atta,5.0,5.0,0,0,0,0,0,0,0,Frosinone,Fiorentina - Frosinone
2026-2027,2,Fiorentina,BARAK,barak,,,0,0,0,0,0,0,0,Frosinone,Fiorentina - Frosinone
2026-2027,2,Fiorentina,BRESCIANINI,brescianini,5.5,5.5,0,0,0,0,0,0,0,Frosinone,Fiorentina - Frosinone
2026-2027,2,Fiorentina,FABBIAN,fabbian,,,0,0,0,0,0,0,0,Frosinone,Fiorentina - Frosinone
2026-2027,2,Fiorentina,FAGIOLI,fagioli,6.0,6.0,0,0,0,0,0,0,0,Frosinone,Fiorentina - Frosinone
2026-2027,2,Fiorentina,GUDMUNDSSON,gudmundsson,5.0,4.5,0,0,1,0,0,0,0,Frosinone,Fiorentina - Frosinone
2026-2027,2,Fiorentina,INAO OULAI,inao oulai,4.0,4.0,0,0,0,0,0,0,0,Frosinone,Fiorentina - Frosinone
2026-2027,2,Fiorentina,MANDRAGORA,mandragora,6.0,6.0,0,0,0,0,0,0,0,Frosinone,Fiorentina - Frosinone
2026-2027,2,Fiorentina,MASTANTUONO,mastantuono,6.0,6.0,0,0,0,0,0,0,0,Frosinone,Fiorentina - Frosinone
2026-2027,2,Fiorentina,NDOUR,ndour,5.0,5.0,0,0,0,0,0,0,0,Frosinone,Fiorentina - Frosinone
2026-2027,2,Fiorentina,SOTTIL,sottil,,,0,0,0,0,0,0,0,Frosinone,Fiorentina - Frosinone
2026-2027,2,Fiorentina,CROCI,croci,,,0,0,0,0,0,0,0,Frosinone,Fiorentina - Frosinone
2026-2027,2,Fiorentina,KEAN,kean,,,0,0,0,0,0,0,0,Frosinone,Fiorentina - Frosinone
2026-2027,2,Fiorentina,NZOLA,nzola,,,0,0,0,0,0,0,0,Frosinone,Fiorentina - Frosinone
2026-2027,2,Fiorentina,PELLEGRINO,pellegrino,4.0,4.0,0,0,0,0,0,0,0,Frosinone,Fiorentina - Frosinone
2026-2027,2,Fiorentina,GROSSO,grosso,4.5,-0.5,0,0,1,0,0,0,0,Frosinone,Fiorentina - Frosinone
2026-2027,2,Genoa,BIJLOW,bijlow,5.5,4.5,-1,0,0,0,0,0,0,Lazio,Lazio - Genoa
2026-2027,2,Genoa,LYSIONOK,lysionok,,,0,0,0,0,0,0,0,Lazio,Lazio - Genoa
2026-2027,2,Genoa,SOMMARIVA,sommariva,,,0,0,0,0,0,0,0,Lazio,Lazio - Genoa
2026-2027,2,Genoa,STOLZ,stolz,,,0,0,0,0,0,0,0,Lazio,Lazio - Genoa
2026-2027,2,Genoa,KUMER CELIK,kumer celik,,,0,0,0,0,0,0,0,Lazio,Lazio - Genoa
2026-2027,2,Genoa,MARCANDALLI,marcandalli,5.0,5.0,0,0,0,0,0,0,0,Lazio,Lazio - Genoa
2026-2027,2,Genoa,MARTIN,martin,,,0,0,0,0,0,0,0,Lazio,Lazio - Genoa
2026-2027,2,Genoa,MITAJ,mitaj,,,0,0,0,0,0,0,0,Lazio,Lazio - Genoa
2026-2027,2,Genoa,NORTON-CUFFY,norton-cuffy,6.0,6.0,0,0,0,0,0,0,0,Lazio,Lazio - Genoa
2026-2027,2,Genoa,OSTIGARD,ostigard,5.5,5.0,0,0,1,0,0,0,0,Lazio,Lazio - Genoa
2026-2027,2,Genoa,OTOA,otoa,,,0,0,0,0,0,0,0,Lazio,Lazio - Genoa
2026-2027,2,Genoa,PUCZKA,puczka,,,0,0,0,0,0,0,0,Lazio,Lazio - Genoa
2026-2027,2,Genoa,SABELLI,sabelli,,,0,0,0,0,0,0,0,Lazio,Lazio - Genoa
2026-2027,2,Genoa,VASQUEZ,vasquez,5.5,5.5,0,0,0,0,0,0,0,Lazio,Lazio - Genoa
2026-2027,2,Genoa,VAZ,vaz,,,0,0,0,0,0,0,0,Lazio,Lazio - Genoa
2026-2027,2,Genoa,AMORIM,amorim,5.0,4.5,0,0,1,0,0,0,0,Lazio,Lazio - Genoa
2026-2027,2,Genoa,BALDANZI,baldanzi,5.5,5.5,0,0,0,0,0,0,0,Lazio,Lazio - Genoa
2026-2027,2,Genoa,ELLERTSSON,ellertsson,5.0,5.0,0,0,0,0,0,0,0,Lazio,Lazio - Genoa
2026-2027,2,Genoa,FRENDRUP,frendrup,6.0,6.0,0,0,0,0,0,0,0,Lazio,Lazio - Genoa
2026-2027,2,Genoa,LAFONT,lafont,,,0,0,0,0,0,0,0,Lazio,Lazio - Genoa
2026-2027,2,Genoa,MEICHTRY,meichtry,6.0,6.0,0,0,0,0,0,0,0,Lazio,Lazio - Genoa
2026-2027,2,Genoa,MESSIAS,messias,6.0,6.0,0,0,0,0,0,0,0,Lazio,Lazio - Genoa
2026-2027,2,Genoa,SOW,sow,5.5,5.5,0,0,0,0,0,0,0,Lazio,Lazio - Genoa
2026-2027,2,Genoa,TRAORE,traore,,,0,0,0,0,0,0,0,Lazio,Lazio - Genoa
2026-2027,2,Genoa,VENTURINO,venturino,,,0,0,0,0,0,0,0,Lazio,Lazio - Genoa
2026-2027,2,Genoa,WIAFE,wiafe,,,0,0,0,0,0,0,0,Lazio,Lazio - Genoa
2026-2027,2,Genoa,COLOMBO,colombo,5.5,5.5,0,0,0,0,0,0,0,Lazio,Lazio - Genoa
2026-2027,2,Genoa,HAVEL,havel,,,0,0,0,0,0,0,0,Lazio,Lazio - Genoa
2026-2027,2,Genoa,NUREDINI,nuredini,,,0,0,0,0,0,0,0,Lazio,Lazio - Genoa
2026-2027,2,Genoa,OSMAJIC,osmajic,5.5,5.5,0,0,0,0,0,0,0,Lazio,Lazio - Genoa
2026-2027,2,Genoa,VITINHA,vitinha,5.5,5.5,0,0,0,0,0,0,0,Lazio,Lazio - Genoa
2026-2027,2,Genoa,ZULEVIC,zulevic,,,0,0,0,0,0,0,0,Lazio,Lazio - Genoa
2026-2027,2,Genoa,DE ROSSI,de rossi,5.5,-0.5,0,0,1,0,0,0,0,Lazio,Lazio - Genoa
2026-2027,2,Inter,DI GENNARO,di gennaro,,,0,0,0,0,0,0,0,Cagliari,Cagliari - Inter
2026-2027,2,Inter,MARTINEZ,martinez,6.5,7.5,0,0,0,0,0,0,0,Cagliari,Cagliari - Inter
2026-2027,2,Inter,PROVEDEL,provedel,,,0,0,0,0,0,0,0,Cagliari,Cagliari - Inter
2026-2027,2,Inter,AKANJI,akanji,5.0,4.5,0,0,1,0,0,0,0,Cagliari,Cagliari - Inter
2026-2027,2,Inter,BASTONI,bastoni,6.0,6.0,0,0,0,0,0,0,0,Cagliari,Cagliari - Inter
2026-2027,2,Inter,BISSECK,bisseck,6.5,6.5,0,0,0,0,0,0,0,Cagliari,Cagliari - Inter
2026-2027,2,Inter,BOVIO,bovio,,,0,0,0,0,0,0,0,Cagliari,Cagliari - Inter
2026-2027,2,Inter,CARLOS AUGUSTO,carlos augusto,,,0,0,0,0,0,0,0,Cagliari,Cagliari - Inter
2026-2027,2,Inter,DIMARCO,dimarco,6.0,6.0,0,0,0,0,0,0,0,Cagliari,Cagliari - Inter
2026-2027,2,Inter,PAVARD,pavard,6.5,6.5,0,0,0,0,0,0,0,Cagliari,Cagliari - Inter
2026-2027,2,Inter,SPENCE,spence,,,0,0,0,0,0,0,0,Cagliari,Cagliari - Inter
2026-2027,2,Inter,STONES,stones,6.0,6.0,0,0,0,0,0,0,0,Cagliari,Cagliari - Inter
2026-2027,2,Inter,ASLLANI,asllani,,,0,0,0,0,0,0,0,Cagliari,Cagliari - Inter
2026-2027,2,Inter,BARELLA,barella,7.0,8.0,0,1,0,0,0,0,0,Cagliari,Cagliari - Inter
2026-2027,2,Inter,CALHANOGLU,calhanoglu,7.0,10.0,1,0,0,0,0,0,0,Cagliari,Cagliari - Inter
2026-2027,2,Inter,CARBONI,carboni,,,0,0,0,0,0,0,0,Cagliari,Cagliari - Inter
2026-2027,2,Inter,DIOUF,diouf,,,0,0,0,0,0,0,0,Cagliari,Cagliari - Inter
2026-2027,2,Inter,JONES,jones,6.0,6.0,0,0,0,0,0,0,0,Cagliari,Cagliari - Inter
2026-2027,2,Inter,KAMATE,kamate,,,0,0,0,0,0,0,0,Cagliari,Cagliari - Inter
2026-2027,2,Inter,LUIS HENRIQUE,luis henrique,6.0,6.0,0,0,0,0,0,0,0,Cagliari,Cagliari - Inter
2026-2027,2,Inter,MASSOLIN,massolin,,,0,0,0,0,0,0,0,Cagliari,Cagliari - Inter
2026-2027,2,Inter,MKHITARYAN,mkhitaryan,,,0,0,0,0,0,0,0,Cagliari,Cagliari - Inter
2026-2027,2,Inter,STANKOVIC,stankovic,,,0,0,0,0,0,0,0,Cagliari,Cagliari - Inter
2026-2027,2,Inter,SUCIC,sucic,5.5,5.5,0,0,0,0,0,0,0,Cagliari,Cagliari - Inter
2026-2027,2,Inter,ZIELINSKI,zielinski,6.0,6.0,0,0,0,0,0,0,0,Cagliari,Cagliari - Inter
2026-2027,2,Inter,BONNY,bonny,,,0,0,0,0,0,0,0,Cagliari,Cagliari - Inter
2026-2027,2,Inter,ESPOSITO,esposito,6.0,6.0,0,0,0,0,0,0,0,Cagliari,Cagliari - Inter
2026-2027,2,Inter,LAVELLI,lavelli,,,0,0,0,0,0,0,0,Cagliari,Cagliari - Inter
2026-2027,2,Inter,MARTINEZ,martinez,6.5,6.5,0,0,0,0,0,0,0,Cagliari,Cagliari - Inter
2026-2027,2,Inter,MOSCONI,mosconi,,,0,0,0,0,0,0,0,Cagliari,Cagliari - Inter
2026-2027,2,Inter,SPINACCE,spinacce,,,0,0,0,0,0,0,0,Cagliari,Cagliari - Inter
2026-2027,2,Inter,THURAM,thuram,6.0,6.0,0,0,0,0,0,0,0,Cagliari,Cagliari - Inter
2026-2027,2,Inter,CHIVU,chivu,6.5,3.0,0,0,0,0,0,0,0,Cagliari,Cagliari - Inter
2026-2027,2,Juventus,GRABARA,grabara,,,0,0,0,0,0,0,0,Parma,Juventus - Parma
2026-2027,2,Juventus,PINSOGLIO,pinsoglio,,,0,0,0,0,0,0,0,Parma,Juventus - Parma
2026-2027,2,Juventus,RADU,radu,,,0,0,0,0,0,0,0,Parma,Juventus - Parma
2026-2027,2,Juventus,VICARIO,vicario,7.0,8.0,0,0,0,0,0,0,0,Parma,Juventus - Parma
2026-2027,2,Juventus,BREMER,bremer,6.0,6.0,0,0,0,0,0,0,0,Parma,Juventus - Parma
2026-2027,2,Juventus,CABAL,cabal,,,0,0,0,0,0,0,0,Parma,Juventus - Parma
2026-2027,2,Juventus,CAMBIASO,cambiaso,,,0,0,0,0,0,0,0,Parma,Juventus - Parma
2026-2027,2,Juventus,CELIK,celik,6.5,6.5,0,0,0,0,0,0,0,Parma,Juventus - Parma
2026-2027,2,Juventus,GATTI,gatti,,,0,0,0,0,0,0,0,Parma,Juventus - Parma
2026-2027,2,Juventus,KALULU,kalulu,6.0,6.0,0,0,0,0,0,0,0,Parma,Juventus - Parma
2026-2027,2,Juventus,KELLY,kelly,5.5,5.5,0,0,0,0,0,0,0,Parma,Juventus - Parma
2026-2027,2,Juventus,LUCUMI,lucumi,6.0,5.5,0,0,1,0,0,0,0,Parma,Juventus - Parma
2026-2027,2,Juventus,RUGANI,rugani,,,0,0,0,0,0,0,0,Parma,Juventus - Parma
2026-2027,2,Juventus,CONCEICAO,conceicao,7.0,7.0,0,0,0,0,0,0,0,Parma,Juventus - Parma
2026-2027,2,Juventus,KOOPMEINERS,koopmeiners,6.5,9.5,1,0,0,0,0,0,0,Parma,Juventus - Parma
2026-2027,2,Juventus,LOCATELLI,locatelli,6.5,7.0,0,1,1,0,0,0,0,Parma,Juventus - Parma
2026-2027,2,Juventus,LUIZ,luiz,6.0,6.0,0,0,0,0,0,0,0,Parma,Juventus - Parma
2026-2027,2,Juventus,MCKENNIE,mckennie,,,0,0,0,0,0,0,0,Parma,Juventus - Parma
2026-2027,2,Juventus,THURAM,thuram,,,0,0,0,0,0,0,0,Parma,Juventus - Parma
2026-2027,2,Juventus,ZHEGROVA,zhegrova,,,0,0,0,0,0,0,0,Parma,Juventus - Parma
2026-2027,2,Juventus,ALAJBEGOVIC,alajbegovic,5.5,5.5,0,0,0,0,0,0,0,Parma,Juventus - Parma
2026-2027,2,Juventus,BOGA,boga,5.0,5.0,0,0,0,0,0,0,0,Parma,Juventus - Parma
2026-2027,2,Juventus,DAVID,david,4.5,4.5,0,0,0,0,0,0,0,Parma,Juventus - Parma
2026-2027,2,Juventus,EKHATOR,ekhator,,,0,0,0,0,0,0,0,Parma,Juventus - Parma
2026-2027,2,Juventus,GONZALEZ,gonzalez,8.0,11.0,1,0,0,0,0,0,0,Parma,Juventus - Parma
2026-2027,2,Juventus,KOLO MUANI,kolo muani,6.0,6.0,0,0,0,0,0,0,0,Parma,Juventus - Parma
2026-2027,2,Juventus,MILIK,milik,,,0,0,0,0,0,0,0,Parma,Juventus - Parma
2026-2027,2,Juventus,YILDIZ,yildiz,,,0,0,0,0,0,0,0,Parma,Juventus - Parma
2026-2027,2,Juventus,SPALLETTI,spalletti,6.5,5.0,0,0,0,0,0,0,0,Parma,Juventus - Parma
2026-2027,2,Lazio,FURLANETTO,furlanetto,,,0,0,0,0,0,0,0,Genoa,Lazio - Genoa
2026-2027,2,Lazio,MANDAS,mandas,6.5,7.5,0,0,0,0,0,0,0,Genoa,Lazio - Genoa
2026-2027,2,Lazio,MOTTA,motta,,,0,0,0,0,0,0,0,Genoa,Lazio - Genoa
2026-2027,2,Lazio,RENZETTI,renzetti,,,0,0,0,0,0,0,0,Genoa,Lazio - Genoa
2026-2027,2,Lazio,DOEKHI,doekhi,6.5,6.5,0,0,0,0,0,0,0,Genoa,Lazio - Genoa
2026-2027,2,Lazio,GALASSI,galassi,,,0,0,0,0,0,0,0,Genoa,Lazio - Genoa
2026-2027,2,Lazio,GIGOT,gigot,,,0,0,0,0,0,0,0,Genoa,Lazio - Genoa
2026-2027,2,Lazio,LAZZARI,lazzari,,6.0,0,0,0,0,0,0,0,Genoa,Lazio - Genoa
2026-2027,2,Lazio,MARUSIC,marusic,,,0,0,0,0,0,0,0,Genoa,Lazio - Genoa
2026-2027,2,Lazio,MUSSOLINI,mussolini,6.0,6.0,0,0,0,0,0,0,0,Genoa,Lazio - Genoa
2026-2027,2,Lazio,NUNO TAVARES,nuno tavares,7.0,8.0,0,1,0,0,0,0,0,Genoa,Lazio - Genoa
2026-2027,2,Lazio,PATRIC,patric,,,0,0,0,0,0,0,0,Genoa,Lazio - Genoa
2026-2027,2,Lazio,PEDRAZA,pedraza,5.5,5.5,0,0,0,0,0,0,0,Genoa,Lazio - Genoa
2026-2027,2,Lazio,PELLEGRINI,pellegrini,,,0,0,0,0,0,0,0,Genoa,Lazio - Genoa
2026-2027,2,Lazio,PROVSTGAARD,provstgaard,6.5,6.5,0,0,0,0,0,0,0,Genoa,Lazio - Genoa
2026-2027,2,Lazio,ROMAGNOLI,romagnoli,,,0,0,0,0,0,0,0,Genoa,Lazio - Genoa
2026-2027,2,Lazio,SUTALO,sutalo,,,0,0,0,0,0,0,0,Genoa,Lazio - Genoa
2026-2027,2,Lazio,BELAHYANE,belahyane,6.5,6.5,0,0,0,0,0,0,0,Genoa,Lazio - Genoa
2026-2027,2,Lazio,CATALDI,cataldi,,,0,0,0,0,0,0,0,Genoa,Lazio - Genoa
2026-2027,2,Lazio,DELE-BASHIRU,dele-bashiru,,,0,0,0,0,0,0,0,Genoa,Lazio - Genoa
2026-2027,2,Lazio,FARCOMENI,farcomeni,,,0,0,0,0,0,0,0,Genoa,Lazio - Genoa
2026-2027,2,Lazio,FRATTESI,frattesi,7.0,10.0,1,0,0,0,0,0,0,Genoa,Lazio - Genoa
2026-2027,2,Lazio,PRZYBOREK,przyborek,,,0,0,0,0,0,0,0,Genoa,Lazio - Genoa
2026-2027,2,Lazio,ROVELLA,rovella,6.0,6.0,0,0,0,0,0,0,0,Genoa,Lazio - Genoa
2026-2027,2,Lazio,TAYLOR,taylor,6.5,6.5,0,0,0,0,0,0,0,Genoa,Lazio - Genoa
2026-2027,2,Lazio,ZACCAGNI,zaccagni,6.5,6.0,0,0,1,0,0,0,0,Genoa,Lazio - Genoa
2026-2027,2,Lazio,CANCELLIERI,cancellieri,6.0,6.0,0,0,0,0,0,0,0,Genoa,Lazio - Genoa
2026-2027,2,Lazio,DIA,dia,5.5,5.5,0,0,0,0,0,0,0,Genoa,Lazio - Genoa
2026-2027,2,Lazio,ISAKSEN,isaksen,6.0,6.0,0,0,0,0,0,0,0,Genoa,Lazio - Genoa
2026-2027,2,Lazio,NOSLIN,noslin,,,0,0,0,0,0,0,0,Genoa,Lazio - Genoa
2026-2027,2,Lazio,PINAMONTI,pinamonti,,6.0,0,0,0,0,0,0,0,Genoa,Lazio - Genoa
2026-2027,2,Lazio,RATKOV,ratkov,,,0,0,0,0,0,0,0,Genoa,Lazio - Genoa
2026-2027,2,Lazio,GATTUSO,gattuso,6.5,3.0,0,0,0,0,0,0,0,Genoa,Lazio - Genoa
2026-2027,2,Lecce,BLEVE,bleve,,,0,0,0,0,0,0,0,Roma,Lecce - Roma
2026-2027,2,Lecce,FALCONE,falcone,5.5,1.5,-4,0,0,0,0,0,0,Roma,Lecce - Roma
2026-2027,2,Lecce,PENEV,penev,,,0,0,0,0,0,0,0,Roma,Lecce - Roma
2026-2027,2,Lecce,GABRIEL,gabriel,5.0,5.0,0,0,0,0,0,0,0,Roma,Lecce - Roma
2026-2027,2,Lecce,GALLO,gallo,,,0,0,0,0,0,0,0,Roma,Lecce - Roma
2026-2027,2,Lecce,GASPAR,gaspar,4.0,4.0,0,0,0,0,0,0,0,Roma,Lecce - Roma
2026-2027,2,Lecce,JEAN,jean,,,0,0,0,0,0,0,0,Roma,Lecce - Roma
2026-2027,2,Lecce,KOUASSI,kouassi,,,0,0,0,0,0,0,0,Roma,Lecce - Roma
2026-2027,2,Lecce,NDABA,ndaba,4.5,4.5,0,0,0,0,0,0,0,Roma,Lecce - Roma
2026-2027,2,Lecce,SIEBERT,siebert,4.0,4.0,0,0,0,0,0,0,0,Roma,Lecce - Roma
2026-2027,2,Lecce,UBANI,ubani,,,0,0,0,0,0,0,0,Roma,Lecce - Roma
2026-2027,2,Lecce,VEIGA,veiga,4.5,4.5,0,0,0,0,0,0,0,Roma,Lecce - Roma
2026-2027,2,Lecce,BERISHA,berisha,,,0,0,0,0,0,0,0,Roma,Lecce - Roma
2026-2027,2,Lecce,COULIBALY,coulibaly,5.5,5.5,0,0,0,0,0,0,0,Roma,Lecce - Roma
2026-2027,2,Lecce,FOFANA,fofana,,,0,0,0,0,0,0,0,Roma,Lecce - Roma
2026-2027,2,Lecce,GANDELMAN,gandelman,,,0,0,0,0,0,0,0,Roma,Lecce - Roma
2026-2027,2,Lecce,GORTER,gorter,4.5,4.5,0,0,0,0,0,0,0,Roma,Lecce - Roma
2026-2027,2,Lecce,ILIC,ilic,6.0,5.5,0,0,1,0,0,0,0,Roma,Lecce - Roma
2026-2027,2,Lecce,KABA,kaba,,,0,0,0,0,0,0,0,Roma,Lecce - Roma
2026-2027,2,Lecce,KOVAC,kovac,,,0,0,0,0,0,0,0,Roma,Lecce - Roma
2026-2027,2,Lecce,MALEH,maleh,5.5,5.5,0,0,0,0,0,0,0,Roma,Lecce - Roma
2026-2027,2,Lecce,NGOM,ngom,5.0,5.0,0,0,0,0,0,0,0,Roma,Lecce - Roma
2026-2027,2,Lecce,PIEROTTI,pierotti,5.0,5.0,0,0,0,0,0,0,0,Roma,Lecce - Roma
2026-2027,2,Lecce,FATAH,fatah,6.0,6.0,0,0,0,0,0,0,0,Roma,Lecce - Roma
2026-2027,2,Lecce,GEUBBELS,geubbels,4.5,4.5,0,0,0,0,0,0,0,Roma,Lecce - Roma
2026-2027,2,Lecce,JOVIC,jovic,,,0,0,0,0,0,0,0,Roma,Lecce - Roma
2026-2027,2,Lecce,LAERKE,laerke,,,0,0,0,0,0,0,0,Roma,Lecce - Roma
2026-2027,2,Lecce,NDRI,ndri,6.0,6.0,0,0,0,0,0,0,0,Roma,Lecce - Roma
2026-2027,2,Lecce,STULIC,stulic,5.5,5.5,0,0,0,0,0,0,0,Roma,Lecce - Roma
2026-2027,2,Lecce,DI FRANCESCO,di francesco,4.5,0.0,0,0,0,0,0,0,0,Roma,Lecce - Roma
2026-2027,2,Milan,MAIGNAN,maignan,6.0,7.0,0,0,0,0,0,0,0,Venezia,Milan - Venezia
2026-2027,2,Milan,PITTARELLA,pittarella,,,0,0,0,0,0,0,0,Venezia,Milan - Venezia
2026-2027,2,Milan,TERRACCIANO,terracciano,,,0,0,0,0,0,0,0,Venezia,Milan - Venezia
2026-2027,2,Milan,TORRIANI,torriani,,,0,0,0,0,0,0,0,Venezia,Milan - Venezia
2026-2027,2,Milan,BARTESAGHI,bartesaghi,5.5,5.5,0,0,0,0,0,0,0,Venezia,Milan - Venezia
2026-2027,2,Milan,DE WINTER,de winter,6.5,6.5,0,0,0,0,0,0,0,Venezia,Milan - Venezia
2026-2027,2,Milan,DIAWARA,diawara,,,0,0,0,0,0,0,0,Venezia,Milan - Venezia
2026-2027,2,Milan,ESTUPINAN,estupinan,,,0,0,0,0,0,0,0,Venezia,Milan - Venezia
2026-2027,2,Milan,GABBIA,gabbia,,,0,0,0,0,0,0,0,Venezia,Milan - Venezia
2026-2027,2,Milan,GILA,gila,6.5,6.5,0,0,0,0,0,0,0,Venezia,Milan - Venezia
2026-2027,2,Milan,PAVLOVIC,pavlovic,7.0,6.5,0,0,1,0,0,0,0,Venezia,Milan - Venezia
2026-2027,2,Milan,TERRACCIANO,terracciano,,,0,0,0,0,0,0,0,Venezia,Milan - Venezia
2026-2027,2,Milan,TOMORI,tomori,,,0,0,0,0,0,0,0,Venezia,Milan - Venezia
2026-2027,2,Milan,BONDO,bondo,,,0,0,0,0,0,0,0,Venezia,Milan - Venezia
2026-2027,2,Milan,CHUKWUEZE,chukwueze,6.0,6.0,0,0,0,0,0,0,0,Venezia,Milan - Venezia
2026-2027,2,Milan,CISSE,cisse,6.0,6.0,0,0,0,0,0,0,0,Venezia,Milan - Venezia
2026-2027,2,Milan,COMOTTO,comotto,,,0,0,0,0,0,0,0,Venezia,Milan - Venezia
2026-2027,2,Milan,FOFANA,fofana,,,0,0,0,0,0,0,0,Venezia,Milan - Venezia
2026-2027,2,Milan,JASHARI,jashari,6.0,6.0,0,0,0,0,0,0,0,Venezia,Milan - Venezia
2026-2027,2,Milan,LOFTUS-CHEEK,loftus-cheek,5.0,5.0,0,0,0,0,0,0,0,Venezia,Milan - Venezia
2026-2027,2,Milan,MODRIC,modric,6.0,6.0,0,0,0,0,0,0,0,Venezia,Milan - Venezia
2026-2027,2,Milan,MOREIRA,moreira,,,0,0,0,0,0,0,0,Venezia,Milan - Venezia
2026-2027,2,Milan,MUSAH,musah,6.5,6.5,0,0,0,0,0,0,0,Venezia,Milan - Venezia
2026-2027,2,Milan,PULISIC,pulisic,,,0,0,0,0,0,0,0,Venezia,Milan - Venezia
2026-2027,2,Milan,RABIOT,rabiot,6.5,6.5,0,0,0,0,0,0,0,Venezia,Milan - Venezia
2026-2027,2,Milan,RICCI,ricci,,,0,0,0,0,0,0,0,Venezia,Milan - Venezia
2026-2027,2,Milan,SAELEMAEKERS,saelemaekers,7.0,8.0,0,1,0,0,0,0,0,Venezia,Milan - Venezia
2026-2027,2,Milan,ZEROLI,zeroli,,,0,0,0,0,0,0,0,Venezia,Milan - Venezia
2026-2027,2,Milan,BALENTIEN,balentien,,,0,0,0,0,0,0,0,Venezia,Milan - Venezia
2026-2027,2,Milan,CAMARDA,camarda,,,0,0,0,0,0,0,0,Venezia,Milan - Venezia
2026-2027,2,Milan,GIMENEZ,gimenez,,,0,0,0,0,0,0,0,Venezia,Milan - Venezia
2026-2027,2,Milan,LEAO,leao,,,0,0,0,0,0,0,0,Venezia,Milan - Venezia
2026-2027,2,Milan,RAMOS,ramos,7.0,10.0,1,0,0,0,0,0,0,Venezia,Milan - Venezia
2026-2027,2,Milan,AMORIM,amorim,7.0,3.5,0,0,0,0,0,0,0,Venezia,Milan - Venezia
2026-2027,2,Monza,STRAJNAR,strajnar,,,0,0,0,0,0,0,0,Udinese,Monza - Udinese
2026-2027,2,Monza,THIAM,thiam,4.0,1.0,-3,0,0,0,0,0,0,Udinese,Monza - Udinese
2026-2027,2,Monza,ANTOV,antov,,,0,0,0,0,0,0,0,Udinese,Monza - Udinese
2026-2027,2,Monza,BAKOUNE,bakoune,,,0,0,0,0,0,0,0,Udinese,Monza - Udinese
2026-2027,2,Monza,BIRINDELLI,birindelli,6.0,6.0,0,0,0,0,0,0,0,Udinese,Monza - Udinese
2026-2027,2,Monza,CARBONI,carboni,6.0,6.0,0,0,0,0,0,0,0,Udinese,Monza - Udinese
2026-2027,2,Monza,DELLI CARRI,delli carri,6.0,6.0,0,0,0,0,0,0,0,Udinese,Monza - Udinese
2026-2027,2,Monza,KOUADIO,kouadio,5.0,5.0,0,0,0,0,0,0,0,Udinese,Monza - Udinese
2026-2027,2,Monza,LUCCHESI,lucchesi,5.0,4.5,0,0,1,0,0,0,0,Udinese,Monza - Udinese
2026-2027,2,Monza,MANGAS,mangas,6.0,7.0,0,1,0,0,0,0,0,Udinese,Monza - Udinese
2026-2027,2,Monza,MAYE,maye,,,0,0,0,0,0,0,0,Udinese,Monza - Udinese
2026-2027,2,Monza,AKINSANMIRO,akinsanmiro,6.5,7.5,0,1,0,0,0,0,0,Udinese,Monza - Udinese
2026-2027,2,Monza,BALLABIO,ballabio,,,0,0,0,0,0,0,0,Udinese,Monza - Udinese
2026-2027,2,Monza,CIURRIA,ciurria,,,0,0,0,0,0,0,0,Udinese,Monza - Udinese
2026-2027,2,Monza,COLOMBO,colombo,,,0,0,0,0,0,0,0,Udinese,Monza - Udinese
2026-2027,2,Monza,COLPANI,colpani,6.5,9.5,1,0,0,0,0,0,0,Udinese,Monza - Udinese
2026-2027,2,Monza,FOE-ONDOA,foe-ondoa,5.0,5.0,0,0,0,0,0,0,0,Udinese,Monza - Udinese
2026-2027,2,Monza,FOLORUNSHO,folorunsho,6.0,6.0,0,0,0,0,0,0,0,Udinese,Monza - Udinese
2026-2027,2,Monza,GALAZZI,galazzi,,,0,0,0,0,0,0,0,Udinese,Monza - Udinese
2026-2027,2,Monza,MOUT,mout,5.0,5.0,0,0,0,0,0,0,0,Udinese,Monza - Udinese
2026-2027,2,Monza,PESSINA,pessina,,,0,0,0,0,0,0,0,Udinese,Monza - Udinese
2026-2027,2,Monza,TOURE,toure,,,0,0,0,0,0,0,0,Udinese,Monza - Udinese
2026-2027,2,Monza,BALDE,balde,,,0,0,0,0,0,0,0,Udinese,Monza - Udinese
2026-2027,2,Monza,CUTRONE,cutrone,6.0,6.0,0,0,0,0,0,0,0,Udinese,Monza - Udinese
2026-2027,2,Monza,FORSON,forson,,,0,0,0,0,0,0,0,Udinese,Monza - Udinese
2026-2027,2,Monza,LOUBAO,loubao,,,0,0,0,0,0,0,0,Udinese,Monza - Udinese
2026-2027,2,Monza,MARTINS,martins,,,0,0,0,0,0,0,0,Udinese,Monza - Udinese
2026-2027,2,Monza,MOTA,mota,6.0,6.0,0,0,0,0,0,0,0,Udinese,Monza - Udinese
2026-2027,2,Monza,ROBINSON,robinson,,,0,0,0,0,0,0,0,Udinese,Monza - Udinese
2026-2027,2,Monza,VARELA,varela,6.5,9.5,1,0,0,0,0,0,0,Udinese,Monza - Udinese
2026-2027,2,Monza,JURIC,juric,5.5,0.5,0,0,0,0,0,0,0,Udinese,Monza - Udinese
2026-2027,2,Napoli,CONTINI,contini,,,0,0,0,0,0,0,0,Como,Napoli - Como
2026-2027,2,Napoli,MERET,meret,6.0,4.0,-2,0,0,0,0,0,0,Como,Napoli - Como
2026-2027,2,Napoli,MILINKOVIC SAVIC,milinkovic savic,,,0,0,0,0,0,0,0,Como,Napoli - Como
2026-2027,2,Napoli,BADIASHILE,badiashile,,,0,0,0,0,0,0,0,Como,Napoli - Como
2026-2027,2,Napoli,BEUKEMA,beukema,,,0,0,0,0,0,0,0,Como,Napoli - Como
2026-2027,2,Napoli,BUONGIORNO,buongiorno,,,0,0,0,0,0,0,0,Como,Napoli - Como
2026-2027,2,Napoli,DI LORENZO,di lorenzo,5.5,5.0,0,0,1,0,0,0,0,Como,Napoli - Como
2026-2027,2,Napoli,FAVASULI,favasuli,,,0,0,0,0,0,0,0,Como,Napoli - Como
2026-2027,2,Napoli,GAROFALO,garofalo,,,0,0,0,0,0,0,0,Como,Napoli - Como
2026-2027,2,Napoli,MARIANUCCI,marianucci,,,0,0,0,0,0,0,0,Como,Napoli - Como
2026-2027,2,Napoli,MARIN,marin,5.5,5.5,0,0,0,0,0,0,0,Como,Napoli - Como
2026-2027,2,Napoli,MAZZOCCHI,mazzocchi,,,0,0,0,0,0,0,0,Como,Napoli - Como
2026-2027,2,Napoli,OLIVERA,olivera,4.5,4.5,0,0,0,0,0,0,0,Como,Napoli - Como
2026-2027,2,Napoli,RRAHMANI,rrahmani,5.0,6.0,0,1,0,0,0,0,0,Como,Napoli - Como
2026-2027,2,Napoli,SPINAZZOLA,spinazzola,6.0,6.0,0,0,0,0,0,0,0,Como,Napoli - Como
2026-2027,2,Napoli,ANGUISSA,anguissa,5.0,5.0,0,0,0,0,0,0,0,Como,Napoli - Como
2026-2027,2,Napoli,CAJUSTE,cajuste,,,0,0,0,0,0,0,0,Como,Napoli - Como
2026-2027,2,Napoli,DE BRUYNE,de bruyne,6.0,6.0,0,0,0,0,0,0,0,Como,Napoli - Como
2026-2027,2,Napoli,GILMOUR,gilmour,,,0,0,0,0,0,0,0,Como,Napoli - Como
2026-2027,2,Napoli,LINDSTROM,lindstrom,,,0,0,0,0,0,0,0,Como,Napoli - Como
2026-2027,2,Napoli,LOBOTKA,lobotka,6.0,6.0,0,0,0,0,0,0,0,Como,Napoli - Como
2026-2027,2,Napoli,MCTOMINAY,mctominay,5.0,5.0,0,0,0,0,0,0,0,Como,Napoli - Como
2026-2027,2,Napoli,POLITANO,politano,5.5,5.5,0,0,0,0,0,0,0,Como,Napoli - Como
2026-2027,2,Napoli,SANTOS,santos,6.0,6.0,0,0,0,0,0,0,0,Como,Napoli - Como
2026-2027,2,Napoli,VERGARA,vergara,,,0,0,0,0,0,0,0,Como,Napoli - Como
2026-2027,2,Napoli,CHEDDIRA,cheddira,,,0,0,0,0,0,0,0,Como,Napoli - Como
2026-2027,2,Napoli,GIOVANE,giovane,,,0,0,0,0,0,0,0,Como,Napoli - Como
2026-2027,2,Napoli,HOJLUND,hojlund,7.0,10.0,1,0,0,0,0,0,0,Como,Napoli - Como
2026-2027,2,Napoli,LANG,lang,5.0,5.0,0,0,0,0,0,0,0,Como,Napoli - Como
2026-2027,2,Napoli,LUCCA,lucca,,6.0,0,0,0,0,0,0,0,Como,Napoli - Como
2026-2027,2,Napoli,NERES,neres,,6.0,0,0,0,0,0,0,0,Como,Napoli - Como
2026-2027,2,Napoli,NGONGE,ngonge,,,0,0,0,0,0,0,0,Como,Napoli - Como
2026-2027,2,Napoli,VIGLIOTTI,vigliotti,,,0,0,0,0,0,0,0,Como,Napoli - Como
2026-2027,2,Napoli,ALLEGRI,allegri,5.0,0.0,0,0,0,0,0,0,0,Como,Napoli - Como
2026-2027,2,Roma,DE MARZI,de marzi,,,0,0,0,0,0,0,0,Lecce,Lecce - Roma
2026-2027,2,Roma,GOLLINI,gollini,,,0,0,0,0,0,0,0,Lecce,Lecce - Roma
2026-2027,2,Roma,SVILAR,svilar,6.5,7.5,0,0,0,0,0,0,0,Lecce,Lecce - Roma
2026-2027,2,Roma,VASQUEZ,vasquez,,,0,0,0,0,0,0,0,Lecce,Lecce - Roma
2026-2027,2,Roma,GHILARDI,ghilardi,6.5,6.5,0,0,0,0,0,0,0,Lecce,Lecce - Roma
2026-2027,2,Roma,HERMOSO,hermoso,6.0,6.0,0,0,0,0,0,0,0,Lecce,Lecce - Roma
2026-2027,2,Roma,KOULIERAKIS,koulierakis,,,0,0,0,0,0,0,0,Lecce,Lecce - Roma
2026-2027,2,Roma,LULLI,lulli,7.0,7.0,0,0,0,0,0,0,0,Lecce,Lecce - Roma
2026-2027,2,Roma,MANCINI,mancini,7.0,8.0,0,1,0,0,0,0,0,Lecce,Lecce - Roma
2026-2027,2,Roma,MANNINI,mannini,,,0,0,0,0,0,0,0,Lecce,Lecce - Roma
2026-2027,2,Roma,MOLINA,molina,6.0,6.0,0,0,0,0,0,0,0,Lecce,Lecce - Roma
2026-2027,2,Roma,NDICKA,ndicka,,,0,0,0,0,0,0,0,Lecce,Lecce - Roma
2026-2027,2,Roma,RENSCH,rensch,,,0,0,0,0,0,0,0,Lecce,Lecce - Roma
2026-2027,2,Roma,WESLEY,wesley,7.0,8.0,0,1,0,0,0,0,0,Lecce,Lecce - Roma
2026-2027,2,Roma,ZIOLKOWSKI,ziolkowski,,,0,0,0,0,0,0,0,Lecce,Lecce - Roma
2026-2027,2,Roma,CRISTANTE,cristante,6.5,6.5,0,0,0,0,0,0,0,Lecce,Lecce - Roma
2026-2027,2,Roma,DE ROON,de roon,,,0,0,0,0,0,0,0,Lecce,Lecce - Roma
2026-2027,2,Roma,EL AYNAOUI,el aynaoui,,,0,0,0,0,0,0,0,Lecce,Lecce - Roma
2026-2027,2,Roma,KONE,kone,6.5,6.5,0,0,0,0,0,0,0,Lecce,Lecce - Roma
2026-2027,2,Roma,MORA,mora,6.5,9.5,1,0,0,0,0,0,0,Lecce,Lecce - Roma
2026-2027,2,Roma,PELLEGRINI,pellegrini,,,0,0,0,0,0,0,0,Lecce,Lecce - Roma
2026-2027,2,Roma,PISILLI,pisilli,6.0,6.0,0,0,0,0,0,0,0,Lecce,Lecce - Roma
2026-2027,2,Roma,ARENA,arena,,,0,0,0,0,0,0,0,Lecce,Lecce - Roma
2026-2027,2,Roma,CASTRO,castro,5.5,5.5,0,0,0,0,0,0,0,Lecce,Lecce - Roma
2026-2027,2,Roma,DYBALA,dybala,7.0,7.0,0,0,0,0,0,0,0,Lecce,Lecce - Roma
2026-2027,2,Roma,MALEN,malen,8.0,13.5,2,0,1,0,0,0,0,Lecce,Lecce - Roma
2026-2027,2,Roma,SOULE,soule,6.5,9.5,1,0,0,0,0,0,0,Lecce,Lecce - Roma
2026-2027,2,Roma,VAZ,vaz,,,0,0,0,0,0,0,0,Lecce,Lecce - Roma
2026-2027,2,Roma,GASPERINI,gasperini,7.5,4.0,0,0,0,0,0,0,0,Lecce,Lecce - Roma
2026-2027,2,Sassuolo,MURIC,muric,7.0,6.0,-1,0,0,0,0,0,0,Torino,Sassuolo - Torino
2026-2027,2,Sassuolo,SATALINO,satalino,,,0,0,0,0,0,0,0,Torino,Sassuolo - Torino
2026-2027,2,Sassuolo,TURATI,turati,,,0,0,0,0,0,0,0,Torino,Sassuolo - Torino
2026-2027,2,Sassuolo,CANDE,cande,,,0,0,0,0,0,0,0,Torino,Sassuolo - Torino
2026-2027,2,Sassuolo,DI BITONTO,di bitonto,,,0,0,0,0,0,0,0,Torino,Sassuolo - Torino
2026-2027,2,Sassuolo,DOIG,doig,6.0,6.0,0,0,0,0,0,0,0,Torino,Sassuolo - Torino
2026-2027,2,Sassuolo,IDZES,idzes,6.0,6.0,0,0,0,0,0,0,0,Torino,Sassuolo - Torino
2026-2027,2,Sassuolo,LEYSEN,leysen,6.0,7.0,0,1,0,0,0,0,0,Torino,Sassuolo - Torino
2026-2027,2,Sassuolo,MACCHIONI,macchioni,,,0,0,0,0,0,0,0,Torino,Sassuolo - Torino
2026-2027,2,Sassuolo,MISSORI,missori,,,0,0,0,0,0,0,0,Torino,Sassuolo - Torino
2026-2027,2,Sassuolo,OBRADOR,obrador,6.0,6.0,0,0,0,0,0,0,0,Torino,Sassuolo - Torino
2026-2027,2,Sassuolo,ODENTHAL,odenthal,,,0,0,0,0,0,0,0,Torino,Sassuolo - Torino
2026-2027,2,Sassuolo,PAZ,paz,,,0,0,0,0,0,0,0,Torino,Sassuolo - Torino
2026-2027,2,Sassuolo,PIERAGNOLO,pieragnolo,,,0,0,0,0,0,0,0,Torino,Sassuolo - Torino
2026-2027,2,Sassuolo,WALUKIEWICZ,walukiewicz,,,0,0,0,0,0,0,0,Torino,Sassuolo - Torino
2026-2027,2,Sassuolo,ADZIC,adzic,6.5,7.5,0,1,0,0,0,0,0,Torino,Sassuolo - Torino
2026-2027,2,Sassuolo,BAKOLA,bakola,7.0,7.0,0,0,0,0,0,0,0,Torino,Sassuolo - Torino
2026-2027,2,Sassuolo,BOLOCA,boloca,,,0,0,0,0,0,0,0,Torino,Sassuolo - Torino
2026-2027,2,Sassuolo,CALIGARA,caligara,,,0,0,0,0,0,0,0,Torino,Sassuolo - Torino
2026-2027,2,Sassuolo,CINQUEGRANO,cinquegrano,6.0,6.0,0,0,0,0,0,0,0,Torino,Sassuolo - Torino
2026-2027,2,Sassuolo,GHION,ghion,,,0,0,0,0,0,0,0,Torino,Sassuolo - Torino
2026-2027,2,Sassuolo,IANNONI,iannoni,,,0,0,0,0,0,0,0,Torino,Sassuolo - Torino
2026-2027,2,Sassuolo,KONE,kone,,,0,0,0,0,0,0,0,Torino,Sassuolo - Torino
2026-2027,2,Sassuolo,LIPANI,lipani,,,0,0,0,0,0,0,0,Torino,Sassuolo - Torino
2026-2027,2,Sassuolo,MATIC,matic,5.5,5.0,0,0,1,0,0,0,0,Torino,Sassuolo - Torino
2026-2027,2,Sassuolo,NUAMAH,nuamah,,,0,0,0,0,0,0,0,Torino,Sassuolo - Torino
2026-2027,2,Sassuolo,THORSTVEDT,thorstvedt,6.5,6.5,0,0,0,0,0,0,0,Torino,Sassuolo - Torino
2026-2027,2,Sassuolo,VOLPATO,volpato,6.5,9.0,1,0,1,0,0,0,0,Torino,Sassuolo - Torino
2026-2027,2,Sassuolo,ALVAREZ,alvarez,,,0,0,0,0,0,0,0,Torino,Sassuolo - Torino
2026-2027,2,Sassuolo,BERARDI,berardi,7.0,10.0,1,0,0,0,0,0,0,Torino,Sassuolo - Torino
2026-2027,2,Sassuolo,BOWIE,bowie,5.5,5.5,0,0,0,0,0,0,0,Torino,Sassuolo - Torino
2026-2027,2,Sassuolo,DOMINGUEZ,dominguez,5.5,5.5,0,0,0,0,0,0,0,Torino,Sassuolo - Torino
2026-2027,2,Sassuolo,KULLA,kulla,,,0,0,0,0,0,0,0,Torino,Sassuolo - Torino
2026-2027,2,Sassuolo,LAURIENTE,lauriente,6.5,6.0,0,0,1,0,0,0,0,Torino,Sassuolo - Torino
2026-2027,2,Sassuolo,PIERINI,pierini,,,0,0,0,0,0,0,0,Torino,Sassuolo - Torino
2026-2027,2,Sassuolo,SKJELLERUP,skjellerup,,,0,0,0,0,0,0,0,Torino,Sassuolo - Torino
2026-2027,2,Sassuolo,AQUILANI,aquilani,6.5,4.0,0,0,0,0,0,0,0,Torino,Sassuolo - Torino
2026-2027,2,Torino,ISRAEL,israel,,,0,0,0,0,0,0,0,Sassuolo,Sassuolo - Torino
2026-2027,2,Torino,MASCARDI,mascardi,6.5,4.5,-2,0,0,0,0,0,0,Sassuolo,Sassuolo - Torino
2026-2027,2,Torino,PALEARI,paleari,,,0,0,0,0,0,0,0,Sassuolo,Sassuolo - Torino
2026-2027,2,Torino,SIVIERO,siviero,,,0,0,0,0,0,0,0,Sassuolo,Sassuolo - Torino
2026-2027,2,Torino,BIANAY,bianay,,,0,0,0,0,0,0,0,Sassuolo,Sassuolo - Torino
2026-2027,2,Torino,BIRAGHI,biraghi,,,0,0,0,0,0,0,0,Sassuolo,Sassuolo - Torino
2026-2027,2,Torino,COCO,coco,5.5,5.5,0,0,0,0,0,0,0,Sassuolo,Sassuolo - Torino
2026-2027,2,Torino,COMERT,comert,5.5,5.5,0,0,0,0,0,0,0,Sassuolo,Sassuolo - Torino
2026-2027,2,Torino,COMUZZO,comuzzo,6.0,9.0,1,0,0,0,0,0,0,Sassuolo,Sassuolo - Torino
2026-2027,2,Torino,DEMBELE,dembele,,,0,0,0,0,0,0,0,Sassuolo,Sassuolo - Torino
2026-2027,2,Torino,FORTINI,fortini,6.0,6.0,0,0,0,0,0,0,0,Sassuolo,Sassuolo - Torino
2026-2027,2,Torino,ISMAJLI,ismajli,6.0,6.0,0,0,0,0,0,0,0,Sassuolo,Sassuolo - Torino
2026-2027,2,Torino,PEDERSEN,pedersen,,,0,0,0,0,0,0,0,Sassuolo,Sassuolo - Torino
2026-2027,2,Torino,ANJORIN,anjorin,,,0,0,0,0,0,0,0,Sassuolo,Sassuolo - Torino
2026-2027,2,Torino,CACCIAMANI,cacciamani,6.5,7.5,0,1,0,0,0,0,0,Sassuolo,Sassuolo - Torino
2026-2027,2,Torino,CASADEI,casadei,,,0,0,0,0,0,0,0,Sassuolo,Sassuolo - Torino
2026-2027,2,Torino,FITZ-JIM,fitz-jim,6.0,6.0,0,0,0,0,0,0,0,Sassuolo,Sassuolo - Torino
2026-2027,2,Torino,GINEITIS,gineitis,5.0,4.5,0,0,1,0,0,0,0,Sassuolo,Sassuolo - Torino
2026-2027,2,Torino,ILKHAN,ilkhan,5.5,5.5,0,0,0,0,0,0,0,Sassuolo,Sassuolo - Torino
2026-2027,2,Torino,LUONGO,luongo,,,0,0,0,0,0,0,0,Sassuolo,Sassuolo - Torino
2026-2027,2,Torino,ORISTANIO,oristanio,,,0,0,0,0,0,0,0,Sassuolo,Sassuolo - Torino
2026-2027,2,Torino,VLASIC,vlasic,6.0,6.0,0,0,0,0,0,0,0,Sassuolo,Sassuolo - Torino
2026-2027,2,Torino,ABOUKHLAL,aboukhlal,5.0,5.0,0,0,0,0,0,0,0,Sassuolo,Sassuolo - Torino
2026-2027,2,Torino,ADAMS,adams,6.0,6.0,0,0,0,0,0,0,0,Sassuolo,Sassuolo - Torino
2026-2027,2,Torino,GABELLINI,gabellini,,,0,0,0,0,0,0,0,Sassuolo,Sassuolo - Torino
2026-2027,2,Torino,KULENOVIC,kulenovic,5.5,5.5,0,0,0,0,0,0,0,Sassuolo,Sassuolo - Torino
2026-2027,2,Torino,NJIE,njie,,,0,0,0,0,0,0,0,Sassuolo,Sassuolo - Torino
2026-2027,2,Torino,PELLEGRI,pellegri,,,0,0,0,0,0,0,0,Sassuolo,Sassuolo - Torino
2026-2027,2,Torino,SIMEONE,simeone,6.0,6.0,0,0,0,0,0,0,0,Sassuolo,Sassuolo - Torino
2026-2027,2,Torino,ZAPATA,zapata,,,0,0,0,0,0,0,0,Sassuolo,Sassuolo - Torino
2026-2027,2,Torino,ABATE,abate,5.5,0.0,0,0,0,0,0,0,0,Sassuolo,Sassuolo - Torino
2026-2027,2,Udinese,MROZEK,mrozek,,,0,0,0,0,0,0,0,Monza,Monza - Udinese
2026-2027,2,Udinese,OKOYE,okoye,6.5,4.5,-2,0,0,0,0,0,0,Monza,Monza - Udinese
2026-2027,2,Udinese,PADELLI,padelli,,,0,0,0,0,0,0,0,Monza,Monza - Udinese
2026-2027,2,Udinese,PIANA,piana,,,0,0,0,0,0,0,0,Monza,Monza - Udinese
2026-2027,2,Udinese,ABANKWAH,abankwah,6.5,6.5,0,0,0,0,0,0,0,Monza,Monza - Udinese
2026-2027,2,Udinese,ARIZALA,arizala,,,0,0,0,0,0,0,0,Monza,Monza - Udinese
2026-2027,2,Udinese,BERTOLA,bertola,6.0,6.0,0,0,0,0,0,0,0,Monza,Monza - Udinese
2026-2027,2,Udinese,EBOSSE,ebosse,4.5,4.5,0,0,0,0,0,0,0,Monza,Monza - Udinese
2026-2027,2,Udinese,GOGLICHIDZE,goglichidze,,,0,0,0,0,0,0,0,Monza,Monza - Udinese
2026-2027,2,Udinese,KABASELE,kabasele,,,0,0,0,0,0,0,0,Monza,Monza - Udinese
2026-2027,2,Udinese,KAMARA,kamara,7.0,11.0,1,1,0,0,0,0,0,Monza,Monza - Udinese
2026-2027,2,Udinese,MLACIC,mlacic,,,0,0,0,0,0,0,0,Monza,Monza - Udinese
2026-2027,2,Udinese,PALMA,palma,,,0,0,0,0,0,0,0,Monza,Monza - Udinese
2026-2027,2,Udinese,SOLET,solet,7.0,7.0,0,0,0,0,0,0,0,Monza,Monza - Udinese
2026-2027,2,Udinese,VOJVODA,vojvoda,6.5,6.5,0,0,0,0,0,0,0,Monza,Monza - Udinese
2026-2027,2,Udinese,ZANOLI,zanoli,,,0,0,0,0,0,0,0,Monza,Monza - Udinese
2026-2027,2,Udinese,CHAKVETADZE,chakvetadze,,,0,0,0,0,0,0,0,Monza,Monza - Udinese
2026-2027,2,Udinese,EKKELENKAMP,ekkelenkamp,7.0,10.0,1,0,0,0,0,0,0,Monza,Monza - Udinese
2026-2027,2,Udinese,GOMEZ,gomez,5.5,5.5,0,0,0,0,0,0,0,Monza,Monza - Udinese
2026-2027,2,Udinese,KARLSTROM,karlstrom,6.0,6.0,0,0,0,0,0,0,0,Monza,Monza - Udinese
2026-2027,2,Udinese,LOVRIC,lovric,,,0,0,0,0,0,0,0,Monza,Monza - Udinese
2026-2027,2,Udinese,MILLER,miller,6.0,6.0,0,0,0,0,0,0,0,Monza,Monza - Udinese
2026-2027,2,Udinese,PEJICIC,pejicic,,,0,0,0,0,0,0,0,Monza,Monza - Udinese
2026-2027,2,Udinese,PIOTROWSKI,piotrowski,6.5,9.5,1,0,0,0,0,0,0,Monza,Monza - Udinese
2026-2027,2,Udinese,ZANIOLO,zaniolo,,,0,0,0,0,0,0,0,Monza,Monza - Udinese
2026-2027,2,Udinese,ZARRAGA,zarraga,6.0,6.0,0,0,0,0,0,0,0,Monza,Monza - Udinese
2026-2027,2,Udinese,BAYO,bayo,,,0,0,0,0,0,0,0,Monza,Monza - Udinese
2026-2027,2,Udinese,DAVIS,davis,6.5,6.5,0,0,0,0,0,0,0,Monza,Monza - Udinese
2026-2027,2,Udinese,GUEYE,gueye,6.0,6.0,0,0,0,0,0,0,0,Monza,Monza - Udinese
2026-2027,2,Udinese,MODESTO,modesto,,,0,0,0,0,0,0,0,Monza,Monza - Udinese
2026-2027,2,Udinese,VINCIATI,vinciati,,,0,0,0,0,0,0,0,Monza,Monza - Udinese
2026-2027,2,Udinese,RUNJAIC,runjaic,6.5,3.0,0,0,0,0,0,0,0,Monza,Monza - Udinese
2026-2027,2,Parma,CORVI,corvi,6.5,4.5,-2,0,0,0,0,0,0,Juventus,Juventus - Parma
2026-2027,2,Parma,DAFFARA,daffara,,,0,0,0,0,0,0,0,Juventus,Juventus - Parma
2026-2027,2,Parma,MAZZOCCHI,mazzocchi,,,0,0,0,0,0,0,0,Juventus,Juventus - Parma
2026-2027,2,Parma,BRITSCHGI,britschgi,6.0,6.0,0,0,0,0,0,0,0,Juventus,Juventus - Parma
2026-2027,2,Parma,CARBONI,carboni,,,0,0,0,0,0,0,0,Juventus,Juventus - Parma
2026-2027,2,Parma,DELPRATO,delprato,5.5,5.0,0,0,1,0,0,0,0,Juventus,Juventus - Parma
2026-2027,2,Parma,NDIAYE,ndiaye,,,0,0,0,0,0,0,0,Juventus,Juventus - Parma
2026-2027,2,Parma,TROILO,troilo,5.5,5.0,0,0,1,0,0,0,0,Juventus,Juventus - Parma
2026-2027,2,Parma,VALENTI,valenti,,,0,0,0,0,0,0,0,Juventus,Juventus - Parma
2026-2027,2,Parma,VALERI,valeri,5.5,5.5,0,0,0,0,0,0,0,Juventus,Juventus - Parma
2026-2027,2,Parma,BERNABE,bernabe,5.5,5.5,0,0,0,0,0,0,0,Juventus,Juventus - Parma
2026-2027,2,Parma,CREMASCHI,cremaschi,6.0,6.0,0,0,0,0,0,0,0,Juventus,Juventus - Parma
2026-2027,2,Parma,KEITA,keita,6.0,6.0,0,0,0,0,0,0,0,Juventus,Juventus - Parma
2026-2027,2,Parma,KOUDA,kouda,,,0,0,0,0,0,0,0,Juventus,Juventus - Parma
2026-2027,2,Parma,NICOLUSSI CAVIGLIA,nicolussi caviglia,,,0,0,0,0,0,0,0,Juventus,Juventus - Parma
2026-2027,2,Parma,ORDONEZ,ordonez,6.0,6.0,0,0,0,0,0,0,0,Juventus,Juventus - Parma
2026-2027,2,Parma,SORENSEN,sorensen,,,0,0,0,0,0,0,0,Juventus,Juventus - Parma
2026-2027,2,Parma,ALMQVIST,almqvist,,,0,0,0,0,0,0,0,Juventus,Juventus - Parma
2026-2027,2,Parma,DE MARTIS,de martis,,,0,0,0,0,0,0,0,Juventus,Juventus - Parma
2026-2027,2,Parma,DIALLO,diallo,,,0,0,0,0,0,0,0,Juventus,Juventus - Parma
2026-2027,2,Parma,ELPHEGE,elphege,,6.0,0,0,0,0,0,0,0,Juventus,Juventus - Parma
2026-2027,2,Parma,FRIGAN,frigan,,,0,0,0,0,0,0,0,Juventus,Juventus - Parma
2026-2027,2,Parma,LONTANI,lontani,5.0,5.0,0,0,0,0,0,0,0,Juventus,Juventus - Parma
2026-2027,2,Parma,ROMERO,romero,6.5,6.5,0,0,0,0,0,0,0,Juventus,Juventus - Parma
2026-2027,2,Parma,TOURE,toure,6.0,6.0,0,0,0,0,0,0,0,Juventus,Juventus - Parma
2026-2027,2,Parma,CUESTA,cuesta,5.5,0.0,0,0,0,0,0,0,0,Juventus,Juventus - Parma
2026-2027,2,Como,AUDERO,audero,,,0,0,0,0,0,0,0,Napoli,Napoli - Como
2026-2027,2,Como,BUTEZ,butez,6.0,5.0,-1,0,0,0,0,0,0,Napoli,Napoli - Como
2026-2027,2,Como,TORNQVIST,tornqvist,,,0,0,0,0,0,0,0,Napoli,Napoli - Como
2026-2027,2,Como,VIGORITO,vigorito,,,0,0,0,0,0,0,0,Napoli,Napoli - Como
2026-2027,2,Como,CHALOBAH,chalobah,6.5,6.5,0,0,0,0,0,0,0,Napoli,Napoli - Como
2026-2027,2,Como,COUTO,couto,6.5,6.5,0,0,0,0,0,0,0,Napoli,Napoli - Como
2026-2027,2,Como,DE PAOLI,de paoli,,,0,0,0,0,0,0,0,Napoli,Napoli - Como
2026-2027,2,Como,DOSSENA,dossena,,,0,0,0,0,0,0,0,Napoli,Napoli - Como
2026-2027,2,Como,GOLDANIGA,goldaniga,,,0,0,0,0,0,0,0,Napoli,Napoli - Como
2026-2027,2,Como,KAIKI,kaiki,,6.0,0,0,0,0,0,0,0,Napoli,Napoli - Como
2026-2027,2,Como,KAMBWALA,kambwala,,,0,0,0,0,0,0,0,Napoli,Napoli - Como
2026-2027,2,Como,KEMPF,kempf,6.5,6.5,0,0,0,0,0,0,0,Napoli,Napoli - Como
2026-2027,2,Como,RAMON,ramon,6.0,6.0,0,0,0,0,0,0,0,Napoli,Napoli - Como
2026-2027,2,Como,SMOLCIC,smolcic,6.0,6.0,0,0,0,0,0,0,0,Napoli,Napoli - Como
2026-2027,2,Como,VALLE,valle,6.5,6.5,0,0,0,0,0,0,0,Napoli,Napoli - Como
2026-2027,2,Como,VAN DER BREMPT,van der brempt,,,0,0,0,0,0,0,0,Napoli,Napoli - Como
2026-2027,2,Como,BATURINA,baturina,7.5,11.5,1,1,0,0,0,0,0,Napoli,Napoli - Como
2026-2027,2,Como,CAQUERET,caqueret,6.0,6.0,0,0,0,0,0,0,0,Napoli,Napoli - Como
2026-2027,2,Como,CASSANO,cassano,,,0,0,0,0,0,0,0,Napoli,Napoli - Como
2026-2027,2,Como,DA CUNHA,da cunha,7.0,7.0,0,0,0,0,0,0,0,Napoli,Napoli - Como
2026-2027,2,Como,LAHDO,lahdo,,,0,0,0,0,0,0,0,Napoli,Napoli - Como
2026-2027,2,Como,LIBERALI,liberali,,,0,0,0,0,0,0,0,Napoli,Napoli - Como
2026-2027,2,Como,MAZZITELLI,mazzitelli,,,0,0,0,0,0,0,0,Napoli,Napoli - Como
2026-2027,2,Como,MILLA,milla,7.0,7.0,0,0,0,0,0,0,0,Napoli,Napoli - Como
2026-2027,2,Como,PAZ,paz,6.5,6.5,0,0,0,0,0,0,0,Napoli,Napoli - Como
2026-2027,2,Como,PERRONE,perrone,6.0,6.0,0,0,0,0,0,0,0,Napoli,Napoli - Como
2026-2027,2,Como,ADDAI,addai,,,0,0,0,0,0,0,0,Napoli,Napoli - Como
2026-2027,2,Como,AZON,azon,,,0,0,0,0,0,0,0,Napoli,Napoli - Como
2026-2027,2,Como,DIAO,diao,6.5,7.5,0,1,0,0,0,0,0,Napoli,Napoli - Como
2026-2027,2,Como,DOUVIKAS,douvikas,7.0,10.0,1,0,0,0,0,0,0,Napoli,Napoli - Como
2026-2027,2,Como,KUHN,kuhn,,,0,0,0,0,0,0,0,Napoli,Napoli - Como
2026-2027,2,Como,MORATA,morata,,,0,0,0,0,0,0,0,Napoli,Napoli - Como
2026-2027,2,Como,RODRIGUEZ,rodriguez,,,0,0,0,0,0,0,0,Napoli,Napoli - Como
2026-2027,2,Como,FABREGAS,fabregas,7.0,3.0,0,0,0,0,0,0,0,Napoli,Napoli - Como
2026-2027,2,Venezia,GRANDI,grandi,,,0,0,0,0,0,0,0,Milan,Milan - Venezia
2026-2027,2,Venezia,MONTIPO,montipo,,,0,0,0,0,0,0,0,Milan,Milan - Venezia
2026-2027,2,Venezia,POZZI,pozzi,,,0,0,0,0,0,0,0,Milan,Milan - Venezia
2026-2027,2,Venezia,STANKOVIC,stankovic,7.0,5.0,-2,0,0,0,0,0,0,Milan,Milan - Venezia
2026-2027,2,Venezia,BELLA-KOTCHAP,bella-kotchap,5.0,5.0,0,0,0,0,0,0,0,Milan,Milan - Venezia
2026-2027,2,Venezia,CORREIA,correia,5.5,5.5,0,0,0,0,0,0,0,Milan,Milan - Venezia
2026-2027,2,Venezia,FRANJIC,franjic,6.0,6.0,0,0,0,0,0,0,0,Milan,Milan - Venezia
2026-2027,2,Venezia,GOMES,gomes,,,0,0,0,0,0,0,0,Milan,Milan - Venezia
2026-2027,2,Venezia,HALHAL,halhal,5.5,3.5,0,0,0,0,1,0,0,Milan,Milan - Venezia
2026-2027,2,Venezia,HAPS,haps,6.5,6.0,0,0,1,0,0,0,0,Milan,Milan - Venezia
2026-2027,2,Venezia,LIGUE,ligue,,,0,0,0,0,0,0,0,Milan,Milan - Venezia
2026-2027,2,Venezia,MORENO,moreno,,,0,0,0,0,0,0,0,Milan,Milan - Venezia
2026-2027,2,Venezia,SAGRADO,sagrado,,,0,0,0,0,0,0,0,Milan,Milan - Venezia
2026-2027,2,Venezia,SCHINGTIENNE,schingtienne,6.0,5.5,0,0,1,0,0,0,0,Milan,Milan - Venezia
2026-2027,2,Venezia,SVERKO,sverko,,,0,0,0,0,0,0,0,Milan,Milan - Venezia
2026-2027,2,Venezia,BASIC,basic,5.5,5.5,0,0,0,0,0,0,0,Milan,Milan - Venezia
2026-2027,2,Venezia,BERARDI,berardi,,,0,0,0,0,0,0,0,Milan,Milan - Venezia
2026-2027,2,Venezia,BOHINEN,bohinen,,,0,0,0,0,0,0,0,Milan,Milan - Venezia
2026-2027,2,Venezia,BUSIO,busio,6.0,6.0,0,0,0,0,0,0,0,Milan,Milan - Venezia
2026-2027,2,Venezia,DAGASSO,dagasso,,,0,0,0,0,0,0,0,Milan,Milan - Venezia
2026-2027,2,Venezia,DUNCAN,duncan,,,0,0,0,0,0,0,0,Milan,Milan - Venezia
2026-2027,2,Venezia,EL HADDAD,el haddad,,,0,0,0,0,0,0,0,Milan,Milan - Venezia
2026-2027,2,Venezia,FANNE,fanne,,,0,0,0,0,0,0,0,Milan,Milan - Venezia
2026-2027,2,Venezia,FARJI,farji,,,0,0,0,0,0,0,0,Milan,Milan - Venezia
2026-2027,2,Venezia,HAINAUT,hainaut,6.0,6.0,0,0,0,0,0,0,0,Milan,Milan - Venezia
2026-2027,2,Venezia,HELGASON,helgason,,,0,0,0,0,0,0,0,Milan,Milan - Venezia
2026-2027,2,Venezia,PANADA,panada,,,0,0,0,0,0,0,0,Milan,Milan - Venezia
2026-2027,2,Venezia,PEREZ,perez,6.0,5.5,0,0,1,0,0,0,0,Milan,Milan - Venezia
2026-2027,2,Venezia,SOHM,sohm,5.5,5.5,0,0,0,0,0,0,0,Milan,Milan - Venezia
2026-2027,2,Venezia,ADAMS,adams,5.5,5.5,0,0,0,0,0,0,0,Milan,Milan - Venezia
2026-2027,2,Venezia,ADORANTE,adorante,,,0,0,0,0,0,0,0,Milan,Milan - Venezia
2026-2027,2,Venezia,LAUBERBACH,lauberbach,,,0,0,0,0,0,0,0,Milan,Milan - Venezia
2026-2027,2,Venezia,LISMAN,lisman,,,0,0,0,0,0,0,0,Milan,Milan - Venezia
2026-2027,2,Venezia,OKORO,okoro,,,0,0,0,0,0,0,0,Milan,Milan - Venezia
2026-2027,2,Venezia,RRAHMANI,rrahmani,,,0,0,0,0,0,0,0,Milan,Milan - Venezia
2026-2027,2,Venezia,TOURE,toure,,,0,0,0,0,0,0,0,Milan,Milan - Venezia
2026-2027,2,Venezia,YEBOAH,yeboah,6.5,6.5,0,0,0,0,0,0,0,Milan,Milan - Venezia
2026-2027,2,Venezia,STROPPA,stroppa,6.0,-1.0,0,0,0,0,0,0,0,Milan,Milan - Venezia
2026-2027,2,Frosinone,DESPLANCHES,desplanches,,,0,0,0,0,0,0,0,Fiorentina,Fiorentina - Frosinone
2026-2027,2,Frosinone,LOLIC,lolic,,,0,0,0,0,0,0,0,Fiorentina,Fiorentina - Frosinone
2026-2027,2,Frosinone,PALMISANI,palmisani,6.5,7.5,0,0,0,0,0,0,0,Fiorentina,Fiorentina - Frosinone
2026-2027,2,Frosinone,PISSERI,pisseri,,,0,0,0,0,0,0,0,Fiorentina,Fiorentina - Frosinone
2026-2027,2,Frosinone,AKPOGUMA,akpoguma,,,0,0,0,0,0,0,0,Fiorentina,Fiorentina - Frosinone
2026-2027,2,Frosinone,AMEY,amey,,,0,0,0,0,0,0,0,Fiorentina,Fiorentina - Frosinone
2026-2027,2,Frosinone,BRACAGLIA,bracaglia,7.5,11.0,1,1,1,0,0,0,0,Fiorentina,Fiorentina - Frosinone
2026-2027,2,Frosinone,CALVANI,calvani,6.5,6.0,0,0,1,0,0,0,0,Fiorentina,Fiorentina - Frosinone
2026-2027,2,Frosinone,CITTADINI,cittadini,6.0,6.0,0,0,0,0,0,0,0,Fiorentina,Fiorentina - Frosinone
2026-2027,2,Frosinone,EL AZZOUZI,el azzouzi,,,0,0,0,0,0,0,0,Fiorentina,Fiorentina - Frosinone
2026-2027,2,Frosinone,FAYED,fayed,,,0,0,0,0,0,0,0,Fiorentina,Fiorentina - Frosinone
2026-2027,2,Frosinone,MONTERISI,monterisi,7.0,7.0,0,0,0,0,0,0,0,Fiorentina,Fiorentina - Frosinone
2026-2027,2,Frosinone,OYONO,oyono,6.5,6.5,0,0,0,0,0,0,0,Fiorentina,Fiorentina - Frosinone
2026-2027,2,Frosinone,TCHATO,tchato,,,0,0,0,0,0,0,0,Fiorentina,Fiorentina - Frosinone
2026-2027,2,Frosinone,TERZIC,terzic,6.0,6.0,0,0,0,0,0,0,0,Fiorentina,Fiorentina - Frosinone
2026-2027,2,Frosinone,CALO,calo,7.0,8.0,0,1,0,0,0,0,0,Fiorentina,Fiorentina - Frosinone
2026-2027,2,Frosinone,CICHELLA,cichella,,,0,0,0,0,0,0,0,Fiorentina,Fiorentina - Frosinone
2026-2027,2,Frosinone,GELLI,gelli,,,0,0,0,0,0,0,0,Fiorentina,Fiorentina - Frosinone
2026-2027,2,Frosinone,GRILLITSCH,grillitsch,,,0,0,0,0,0,0,0,Fiorentina,Fiorentina - Frosinone
2026-2027,2,Frosinone,HASA,hasa,,,0,0,0,0,0,0,0,Fiorentina,Fiorentina - Frosinone
2026-2027,2,Frosinone,KONE,kone,,,0,0,0,0,0,0,0,Fiorentina,Fiorentina - Frosinone
2026-2027,2,Frosinone,KOUTSOUPIAS,koutsoupias,,,0,0,0,0,0,0,0,Fiorentina,Fiorentina - Frosinone
2026-2027,2,Frosinone,MASINI,masini,6.5,6.5,0,0,0,0,0,0,0,Fiorentina,Fiorentina - Frosinone
2026-2027,2,Frosinone,SCHMID,schmid,7.0,7.0,0,0,0,0,0,0,0,Fiorentina,Fiorentina - Frosinone
2026-2027,2,Frosinone,TOCI,toci,,,0,0,0,0,0,0,0,Fiorentina,Fiorentina - Frosinone
2026-2027,2,Frosinone,ZERBIN,zerbin,6.5,6.5,0,0,0,0,0,0,0,Fiorentina,Fiorentina - Frosinone
2026-2027,2,Frosinone,BARCELLA,barcella,,,0,0,0,0,0,0,0,Fiorentina,Fiorentina - Frosinone
2026-2027,2,Frosinone,BIRLIGEA,birligea,,,0,0,0,0,0,0,0,Fiorentina,Fiorentina - Frosinone
2026-2027,2,Frosinone,CICHERO,cichero,,,0,0,0,0,0,0,0,Fiorentina,Fiorentina - Frosinone
2026-2027,2,Frosinone,FINI,fini,6.0,6.0,0,0,0,0,0,0,0,Fiorentina,Fiorentina - Frosinone
2026-2027,2,Frosinone,GHEDJEMIS,ghedjemis,,,0,0,0,0,0,0,0,Fiorentina,Fiorentina - Frosinone
2026-2027,2,Frosinone,KVERNADZE,kvernadze,7.0,8.0,0,1,0,0,0,0,0,Fiorentina,Fiorentina - Frosinone
2026-2027,2,Frosinone,RAIMONDO,raimondo,7.5,13.0,2,0,1,0,0,0,0,Fiorentina,Fiorentina - Frosinone
2026-2027,2,Frosinone,ALVINI,alvini,7.5,3.0,0,0,0,0,0,0,0,Fiorentina,Fiorentina - Frosinone
