id,title,history
94,Verona,"[{'h_a': 'a', 'xG': 0.799203, 'xGA': 1.05058, 'npxG': 0.799203, 'npxGA': 1.05058, 'ppda': {'att': 285, 'def': 15}, 'ppda_allowed': {'att': 162, 'def': 21}, 'deep': 1, 'deep_allowed': 6, 'scored': 1, 'missed': 1, 'xpts': 1.076, 'result': 'd', 'date': '2025-08-25 16:30:00', 'wins': 0, 'draws': 1, 'loses': 0, 'pts': 1, 'npxGD': -0.2513770000000001}, {'h_a': 'a', 'xG': 0.600485, 'xGA': 3.96645, 'npxG': 0.600485, 'npxGA': 3.96645, 'ppda': {'att': 440, 'def': 19}, 'ppda_allowed': {'att': 196, 'def': 26}, 'deep': 6, 'deep_allowed': 13, 'scored': 0, 'missed': 4, 'xpts': 0.0579, 'result': 'l', 'date': '2025-08-31 18:45:00', 'wins': 0, 'draws': 0, 'loses': 1, 'pts': 0, 'npxGD': -3.365965}, {'h_a': 'h', 'xG': 1.8883, 'xGA': 0.166346, 'npxG': 1.8883, 'npxGA': 0.166346, 'ppda': {'att': 330, 'def': 28}, 'ppda_allowed': {'att': 228, 'def': 11}, 'deep': 3, 'deep_allowed': 1, 'scored': 0, 'missed': 0, 'xpts': 2.6719, 'result': 'd', 'date': '2025-09-15 16:30:00', 'wins': 0, 'draws': 1, 'loses': 0, 'pts': 1, 'npxGD': 1.7219540000000002}, {'h_a': 'h', 'xG': 1.65885, 'xGA': 0.470357, 'npxG': 0.897552, 'npxGA': 0.470357, 'ppda': {'att': 311, 'def': 20}, 'ppda_allowed': {'att': 82, 'def': 15}, 'deep': 4, 'deep_allowed': 7, 'scored': 1, 'missed': 1, 'xpts': 2.4185000000000003, 'result': 'd', 'date': '2025-09-20 16:00:00', 'wins': 0, 'draws': 1, 'loses': 0, 'pts': 1, 'npxGD': 0.427195}, {'h_a': 'a', 'xG': 1.35351, 'xGA': 1.30542, 'npxG': 1.35351, 'npxGA': 1.30542, 'ppda': {'att': 227, 'def': 27}, 'ppda_allowed': {'att': 140, 'def': 19}, 'deep': 1, 'deep_allowed': 5, 'scored': 0, 'missed': 2, 'xpts': 1.373, 'result': 'l', 'date': '2025-09-28 13:00:00', 'wins': 0, 'draws': 0, 'loses': 1, 'pts': 0, 'npxGD': 0.048089999999999966}, {'h_a': 'h', 'xG': 0.810981, 'xGA': 1.5058, 'npxG': 0.810981, 'npxGA': 0.561962, 'ppda': {'att': 185, 'def': 23}, 'ppda_allowed': {'att': 224, 'def': 20}, 'deep': 8, 'deep_allowed': 2, 'scored': 0, 'missed': 1, 'xpts': 0.6812, 'result': 'l', 'date': '2025-10-03 18:45:00', 'wins': 0, 'draws': 0, 'loses': 1, 'pts': 0, 'npxGD': 0.249019}, {'h_a': 'a', 'xG': 1.65491, 'xGA': 0.572009, 'npxG': 1.65491, 'npxGA': 0.572009, 'ppda': {'att': 295, 'def': 28}, 'ppda_allowed': {'att': 131, 'def': 13}, 'deep': 9, 'deep_allowed': 5, 'scored': 0, 'missed': 0, 'xpts': 2.2532, 'result': 'd', 'date': '2025-10-18 13:00:00', 'wins': 0, 'draws': 1, 'loses': 0, 'pts': 1, 'npxGD': 1.0829010000000001}, {'h_a': 'h', 'xG': 2.03687, 'xGA': 0.837271, 'npxG': 2.03687, 'npxGA': 0.837271, 'ppda': {'att': 379, 'def': 24}, 'ppda_allowed': {'att': 158, 'def': 21}, 'deep': 2, 'deep_allowed': 2, 'scored': 2, 'missed': 2, 'xpts': 2.3492, 'result': 'd', 'date': '2025-10-26 13:00:00', 'wins': 0, 'draws': 1, 'loses': 0, 'pts': 1, 'npxGD': 1.199599}, {'h_a': 'a', 'xG': 1.69938, 'xGA': 1.74279, 'npxG': 1.69938, 'npxGA': 1.74279, 'ppda': {'att': 330, 'def': 27}, 'ppda_allowed': {'att': 103, 'def': 22}, 'deep': 7, 'deep_allowed': 4, 'scored': 1, 'missed': 3, 'xpts': 1.3476, 'result': 'l', 'date': '2025-10-29 16:30:00', 'wins': 0, 'draws': 0, 'loses': 1, 'pts': 0, 'npxGD': -0.04341000000000017}]"
95,Roma,"[{'h_a': 'h', 'xG': 1.47691, 'xGA': 0.443508, 'npxG': 1.47691, 'npxGA': 0.443508, 'ppda': {'att': 255, 'def': 32}, 'ppda_allowed': {'att': 244, 'def': 20}, 'deep': 5, 'deep_allowed': 0, 'scored': 1, 'missed': 0, 'xpts': 2.2535000000000003, 'result': 'w', 'date': '2025-08-23 18:45:00', 'wins': 1, 'draws': 0, 'loses': 0, 'pts': 3, 'npxGD': 1.033402}, {'h_a': 'a', 'xG': 0.953921, 'xGA': 0.6627, 'npxG': 0.953921, 'npxGA': 0.6627, 'ppda': {'att': 133, 'def': 29}, 'ppda_allowed': {'att': 296, 'def': 12}, 'deep': 12, 'deep_allowed': 3, 'scored': 1, 'missed': 0, 'xpts': 1.5916, 'result': 'w', 'date': '2025-08-30 18:45:00', 'wins': 1, 'draws': 0, 'loses': 0, 'pts': 3, 'npxGD': 0.29122100000000006}, {'h_a': 'h', 'xG': 1.02943, 'xGA': 0.805089, 'npxG': 1.02943, 'npxGA': 0.805089, 'ppda': {'att': 102, 'def': 19}, 'ppda_allowed': {'att': 311, 'def': 14}, 'deep': 6, 'deep_allowed': 2, 'scored': 0, 'missed': 1, 'xpts': 1.5002999999999997, 'result': 'l', 'date': '2025-09-14 10:30:00', 'wins': 0, 'draws': 0, 'loses': 1, 'pts': 0, 'npxGD': 0.224341}, {'h_a': 'a', 'xG': 1.22639, 'xGA': 0.666967, 'npxG': 1.22639, 'npxGA': 0.666967, 'ppda': {'att': 221, 'def': 36}, 'ppda_allowed': {'att': 194, 'def': 18}, 'deep': 8, 'deep_allowed': 3, 'scored': 1, 'missed': 0, 'xpts': 1.839, 'result': 'w', 'date': '2025-09-21 10:30:00', 'wins': 1, 'draws': 0, 'loses': 0, 'pts': 3, 'npxGD': 0.5594230000000001}, {'h_a': 'h', 'xG': 1.30542, 'xGA': 1.35351, 'npxG': 1.30542, 'npxGA': 1.35351, 'ppda': {'att': 140, 'def': 19}, 'ppda_allowed': {'att': 227, 'def': 27}, 'deep': 5, 'deep_allowed': 1, 'scored': 2, 'missed': 0, 'xpts': 1.3046000000000002, 'result': 'w', 'date': '2025-09-28 13:00:00', 'wins': 1, 'draws': 0, 'loses': 0, 'pts': 3, 'npxGD': -0.048089999999999966}, {'h_a': 'a', 'xG': 1.22512, 'xGA': 1.11719, 'npxG': 1.22512, 'npxGA': 1.11719, 'ppda': {'att': 226, 'def': 31}, 'ppda_allowed': {'att': 274, 'def': 21}, 'deep': 8, 'deep_allowed': 2, 'scored': 2, 'missed': 1, 'xpts': 1.4862, 'result': 'w', 'date': '2025-10-05 13:00:00', 'wins': 1, 'draws': 0, 'loses': 0, 'pts': 3, 'npxGD': 0.10793000000000008}, {'h_a': 'h', 'xG': 2.1538, 'xGA': 0.96386, 'npxG': 2.1538, 'npxGA': 0.96386, 'ppda': {'att': 211, 'def': 24}, 'ppda_allowed': {'att': 306, 'def': 35}, 'deep': 4, 'deep_allowed': 5, 'scored': 0, 'missed': 1, 'xpts': 2.2299999999999995, 'result': 'l', 'date': '2025-10-18 18:45:00', 'wins': 0, 'draws': 0, 'loses': 1, 'pts': 0, 'npxGD': 1.18994}, {'h_a': 'a', 'xG': 2.25968, 'xGA': 0.949353, 'npxG': 2.25968, 'npxGA': 0.949353, 'ppda': {'att': 175, 'def': 18}, 'ppda_allowed': {'att': 265, 'def': 22}, 'deep': 9, 'deep_allowed': 9, 'scored': 1, 'missed': 0, 'xpts': 2.2989, 'result': 'w', 'date': '2025-10-26 13:00:00', 'wins': 1, 'draws': 0, 'loses': 0, 'pts': 3, 'npxGD': 1.310327}, {'h_a': 'h', 'xG': 1.15685, 'xGA': 1.17796, 'npxG': 1.15685, 'npxGA': 1.17796, 'ppda': {'att': 213, 'def': 26}, 'ppda_allowed': {'att': 291, 'def': 15}, 'deep': 8, 'deep_allowed': 4, 'scored': 2, 'missed': 1, 'xpts': 1.2966000000000002, 'result': 'w', 'date': '2025-10-29 16:30:00', 'wins': 1, 'draws': 0, 'loses': 0, 'pts': 3, 'npxGD': -0.021109999999999962}]"
96,Lazio,"[{'h_a': 'a', 'xG': 0.202984, 'xGA': 1.28478, 'npxG': 0.202984, 'npxGA': 1.28478, 'ppda': {'att': 339, 'def': 26}, 'ppda_allowed': {'att': 202, 'def': 35}, 'deep': 2, 'deep_allowed': 5, 'scored': 0, 'missed': 2, 'xpts': 0.4194, 'result': 'l', 'date': '2025-08-24 16:30:00', 'wins': 0, 'draws': 0, 'loses': 1, 'pts': 0, 'npxGD': -1.081796}, {'h_a': 'h', 'xG': 3.96645, 'xGA': 0.600485, 'npxG': 3.96645, 'npxGA': 0.600485, 'ppda': {'att': 196, 'def': 26}, 'ppda_allowed': {'att': 440, 'def': 19}, 'deep': 13, 'deep_allowed': 6, 'scored': 4, 'missed': 0, 'xpts': 2.9103, 'result': 'w', 'date': '2025-08-31 18:45:00', 'wins': 1, 'draws': 0, 'loses': 0, 'pts': 3, 'npxGD': 3.365965}, {'h_a': 'a', 'xG': 0.858246, 'xGA': 1.2156, 'npxG': 0.858246, 'npxGA': 1.2156, 'ppda': {'att': 283, 'def': 21}, 'ppda_allowed': {'att': 339, 'def': 19}, 'deep': 5, 'deep_allowed': 5, 'scored': 0, 'missed': 1, 'xpts': 0.9591000000000001, 'result': 'l', 'date': '2025-09-14 16:00:00', 'wins': 0, 'draws': 0, 'loses': 1, 'pts': 0, 'npxGD': -0.35735400000000006}, {'h_a': 'h', 'xG': 0.666967, 'xGA': 1.22639, 'npxG': 0.666967, 'npxGA': 1.22639, 'ppda': {'att': 194, 'def': 18}, 'ppda_allowed': {'att': 221, 'def': 36}, 'deep': 3, 'deep_allowed': 8, 'scored': 0, 'missed': 1, 'xpts': 0.8502000000000001, 'result': 'l', 'date': '2025-09-21 10:30:00', 'wins': 0, 'draws': 0, 'loses': 1, 'pts': 0, 'npxGD': -0.5594230000000001}, {'h_a': 'a', 'xG': 3.54059, 'xGA': 1.47659, 'npxG': 3.54059, 'npxGA': 1.47659, 'ppda': {'att': 315, 'def': 20}, 'ppda_allowed': {'att': 152, 'def': 27}, 'deep': 4, 'deep_allowed': 3, 'scored': 3, 'missed': 0, 'xpts': 2.6393, 'result': 'w', 'date': '2025-09-29 18:45:00', 'wins': 1, 'draws': 0, 'loses': 0, 'pts': 3, 'npxGD': 2.064}, {'h_a': 'h', 'xG': 1.45075, 'xGA': 2.18108, 'npxG': 0.68945, 'npxGA': 2.18108, 'ppda': {'att': 261, 'def': 24}, 'ppda_allowed': {'att': 238, 'def': 34}, 'deep': 3, 'deep_allowed': 9, 'scored': 3, 'missed': 3, 'xpts': 0.8232, 'result': 'd', 'date': '2025-10-04 13:00:00', 'wins': 0, 'draws': 1, 'loses': 0, 'pts': 1, 'npxGD': -1.4916300000000002}, {'h_a': 'a', 'xG': 0.220276, 'xGA': 2.38095, 'npxG': 0.220276, 'npxGA': 2.38095, 'ppda': {'att': 360, 'def': 18}, 'ppda_allowed': {'att': 259, 'def': 22}, 'deep': 0, 'deep_allowed': 10, 'scored': 0, 'missed': 0, 'xpts': 0.0752, 'result': 'd', 'date': '2025-10-19 16:00:00', 'wins': 0, 'draws': 1, 'loses': 0, 'pts': 1, 'npxGD': -2.1606739999999998}, {'h_a': 'h', 'xG': 0.905304, 'xGA': 1.24614, 'npxG': 0.905304, 'npxGA': 1.24614, 'ppda': {'att': 298, 'def': 11}, 'ppda_allowed': {'att': 202, 'def': 28}, 'deep': 2, 'deep_allowed': 7, 'scored': 1, 'missed': 0, 'xpts': 1.0644, 'result': 'w', 'date': '2025-10-26 18:45:00', 'wins': 1, 'draws': 0, 'loses': 0, 'pts': 3, 'npxGD': -0.34083600000000003}, {'h_a': 'a', 'xG': 0.657914, 'xGA': 0.780185, 'npxG': 0.657914, 'npxGA': 0.780185, 'ppda': {'att': 225, 'def': 20}, 'ppda_allowed': {'att': 371, 'def': 30}, 'deep': 3, 'deep_allowed': 3, 'scored': 0, 'missed': 0, 'xpts': 1.1953, 'result': 'd', 'date': '2025-10-30 18:45:00', 'wins': 0, 'draws': 1, 'loses': 0, 'pts': 1, 'npxGD': -0.12227100000000002}]"
97,Bologna,"[{'h_a': 'a', 'xG': 0.443508, 'xGA': 1.47691, 'npxG': 0.443508, 'npxGA': 1.47691, 'ppda': {'att': 244, 'def': 20}, 'ppda_allowed': {'att': 255, 'def': 32}, 'deep': 0, 'deep_allowed': 5, 'scored': 0, 'missed': 1, 'xpts': 0.5099, 'result': 'l', 'date': '2025-08-23 18:45:00', 'wins': 0, 'draws': 0, 'loses': 1, 'pts': 0, 'npxGD': -1.033402}, {'h_a': 'h', 'xG': 1.51584, 'xGA': 0.521585, 'npxG': 1.51584, 'npxGA': 0.521585, 'ppda': {'att': 303, 'def': 23}, 'ppda_allowed': {'att': 130, 'def': 28}, 'deep': 3, 'deep_allowed': 7, 'scored': 1, 'missed': 0, 'xpts': 2.2273, 'result': 'w', 'date': '2025-08-30 16:30:00', 'wins': 1, 'draws': 0, 'loses': 0, 'pts': 3, 'npxGD': 0.9942550000000001}, {'h_a': 'a', 'xG': 0.198634, 'xGA': 1.15538, 'npxG': 0.198634, 'npxGA': 1.15538, 'ppda': {'att': 196, 'def': 19}, 'ppda_allowed': {'att': 344, 'def': 21}, 'deep': 2, 'deep_allowed': 7, 'scored': 0, 'missed': 1, 'xpts': 0.4512, 'result': 'l', 'date': '2025-09-14 18:45:00', 'wins': 0, 'draws': 0, 'loses': 1, 'pts': 0, 'npxGD': -0.9567460000000001}, {'h_a': 'h', 'xG': 1.78786, 'xGA': 0.794732, 'npxG': 1.02656, 'npxGA': 0.794732, 'ppda': {'att': 154, 'def': 22}, 'ppda_allowed': {'att': 231, 'def': 22}, 'deep': 4, 'deep_allowed': 2, 'scored': 2, 'missed': 1, 'xpts': 2.2069, 'result': 'w', 'date': '2025-09-20 13:00:00', 'wins': 1, 'draws': 0, 'loses': 0, 'pts': 3, 'npxGD': 0.23182799999999992}, {'h_a': 'a', 'xG': 1.5908, 'xGA': 2.09017, 'npxG': 0.829502, 'npxGA': 2.09017, 'ppda': {'att': 118, 'def': 24}, 'ppda_allowed': {'att': 315, 'def': 23}, 'deep': 8, 'deep_allowed': 6, 'scored': 2, 'missed': 2, 'xpts': 0.9776999999999999, 'result': 'd', 'date': '2025-09-28 16:00:00', 'wins': 0, 'draws': 1, 'loses': 0, 'pts': 1, 'npxGD': -1.2606680000000001}, {'h_a': 'h', 'xG': 3.69928, 'xGA': 0.0265067, 'npxG': 3.69928, 'npxGA': 0.0265067, 'ppda': {'att': 98, 'def': 21}, 'ppda_allowed': {'att': 287, 'def': 22}, 'deep': 14, 'deep_allowed': 1, 'scored': 4, 'missed': 0, 'xpts': 2.9799, 'result': 'w', 'date': '2025-10-05 13:00:00', 'wins': 1, 'draws': 0, 'loses': 0, 'pts': 3, 'npxGD': 3.6727733}, {'h_a': 'a', 'xG': 1.15836, 'xGA': 0.367775, 'npxG': 1.15836, 'npxGA': 0.367775, 'ppda': {'att': 190, 'def': 32}, 'ppda_allowed': {'att': 281, 'def': 19}, 'deep': 3, 'deep_allowed': 3, 'scored': 2, 'missed': 0, 'xpts': 2.1498, 'result': 'w', 'date': '2025-10-19 13:00:00', 'wins': 1, 'draws': 0, 'loses': 0, 'pts': 3, 'npxGD': 0.7905850000000001}, {'h_a': 'a', 'xG': 0.883347, 'xGA': 3.87905, 'npxG': 0.883347, 'npxGA': 2.35645, 'ppda': {'att': 181, 'def': 20}, 'ppda_allowed': {'att': 182, 'def': 18}, 'deep': 6, 'deep_allowed': 3, 'scored': 2, 'missed': 2, 'xpts': 0.0538, 'result': 'd', 'date': '2025-10-26 16:00:00', 'wins': 0, 'draws': 1, 'loses': 0, 'pts': 1, 'npxGD': -1.473103}, {'h_a': 'h', 'xG': 0.3322, 'xGA': 0.797473, 'npxG': 0.3322, 'npxGA': 0.797473, 'ppda': {'att': 128, 'def': 17}, 'ppda_allowed': {'att': 388, 'def': 19}, 'deep': 6, 'deep_allowed': 4, 'scored': 0, 'missed': 0, 'xpts': 0.7806, 'result': 'd', 'date': '2025-10-29 18:45:00', 'wins': 0, 'draws': 1, 'loses': 0, 'pts': 1, 'npxGD': -0.465273}]"
98,Juventus,"[{'h_a': 'h', 'xG': 2.74202, 'xGA': 0.815567, 'npxG': 2.74202, 'npxGA': 0.815567, 'ppda': {'att': 155, 'def': 21}, 'ppda_allowed': {'att': 231, 'def': 21}, 'deep': 11, 'deep_allowed': 3, 'scored': 2, 'missed': 0, 'xpts': 2.6380999999999997, 'result': 'w', 'date': '2025-08-24 18:45:00', 'wins': 1, 'draws': 0, 'loses': 0, 'pts': 3, 'npxGD': 1.926453}, {'h_a': 'a', 'xG': 1.55128, 'xGA': 0.593013, 'npxG': 1.55128, 'npxGA': 0.593013, 'ppda': {'att': 195, 'def': 34}, 'ppda_allowed': {'att': 269, 'def': 27}, 'deep': 2, 'deep_allowed': 2, 'scored': 1, 'missed': 0, 'xpts': 2.2237999999999998, 'result': 'w', 'date': '2025-08-31 16:30:00', 'wins': 1, 'draws': 0, 'loses': 0, 'pts': 3, 'npxGD': 0.958267}, {'h_a': 'h', 'xG': 0.768943, 'xGA': 1.01628, 'npxG': 0.768943, 'npxGA': 1.01628, 'ppda': {'att': 216, 'def': 19}, 'ppda_allowed': {'att': 214, 'def': 20}, 'deep': 4, 'deep_allowed': 10, 'scored': 4, 'missed': 3, 'xpts': 1.0951, 'result': 'w', 'date': '2025-09-13 16:00:00', 'wins': 1, 'draws': 0, 'loses': 0, 'pts': 3, 'npxGD': -0.24733700000000003}, {'h_a': 'a', 'xG': 0.470357, 'xGA': 1.65885, 'npxG': 0.470357, 'npxGA': 0.897552, 'ppda': {'att': 82, 'def': 15}, 'ppda_allowed': {'att': 311, 'def': 20}, 'deep': 7, 'deep_allowed': 4, 'scored': 1, 'missed': 1, 'xpts': 0.3851, 'result': 'd', 'date': '2025-09-20 16:00:00', 'wins': 0, 'draws': 1, 'loses': 0, 'pts': 1, 'npxGD': -0.427195}, {'h_a': 'h', 'xG': 1.84242, 'xGA': 0.885278, 'npxG': 1.84242, 'npxGA': 0.885278, 'ppda': {'att': 180, 'def': 20}, 'ppda_allowed': {'att': 344, 'def': 11}, 'deep': 10, 'deep_allowed': 1, 'scored': 1, 'missed': 1, 'xpts': 2.1081, 'result': 'd', 'date': '2025-09-27 16:00:00', 'wins': 0, 'draws': 1, 'loses': 0, 'pts': 1, 'npxGD': 0.9571419999999999}, {'h_a': 'h', 'xG': 0.570595, 'xGA': 1.55707, 'npxG': 0.570595, 'npxGA': 0.795771, 'ppda': {'att': 300, 'def': 14}, 'ppda_allowed': {'att': 287, 'def': 13}, 'deep': 6, 'deep_allowed': 3, 'scored': 0, 'missed': 0, 'xpts': 0.5392, 'result': 'd', 'date': '2025-10-05 18:45:00', 'wins': 0, 'draws': 1, 'loses': 0, 'pts': 1, 'npxGD': -0.22517600000000004}, {'h_a': 'a', 'xG': 0.964723, 'xGA': 1.68785, 'npxG': 0.964723, 'npxGA': 1.68785, 'ppda': {'att': 201, 'def': 30}, 'ppda_allowed': {'att': 290, 'def': 34}, 'deep': 7, 'deep_allowed': 5, 'scored': 0, 'missed': 2, 'xpts': 0.7819, 'result': 'l', 'date': '2025-10-19 10:30:00', 'wins': 0, 'draws': 0, 'loses': 1, 'pts': 0, 'npxGD': -0.7231270000000001}, {'h_a': 'a', 'xG': 1.24614, 'xGA': 0.905304, 'npxG': 1.24614, 'npxGA': 0.905304, 'ppda': {'att': 202, 'def': 28}, 'ppda_allowed': {'att': 298, 'def': 11}, 'deep': 7, 'deep_allowed': 2, 'scored': 0, 'missed': 1, 'xpts': 1.6278000000000001, 'result': 'l', 'date': '2025-10-26 18:45:00', 'wins': 0, 'draws': 0, 'loses': 1, 'pts': 0, 'npxGD': 0.34083600000000003}, {'h_a': 'h', 'xG': 3.30641, 'xGA': 0.604108, 'npxG': 1.78381, 'npxGA': 0.604108, 'ppda': {'att': 207, 'def': 22}, 'ppda_allowed': {'att': 264, 'def': 13}, 'deep': 7, 'deep_allowed': 1, 'scored': 3, 'missed': 1, 'xpts': 2.8508000000000004, 'result': 'w', 'date': '2025-10-29 16:30:00', 'wins': 1, 'draws': 0, 'loses': 0, 'pts': 3, 'npxGD': 1.1797019999999998}]"
99,Udinese,"[{'h_a': 'h', 'xG': 1.05058, 'xGA': 0.799203, 'npxG': 1.05058, 'npxGA': 0.799203, 'ppda': {'att': 162, 'def': 21}, 'ppda_allowed': {'att': 285, 'def': 15}, 'deep': 6, 'deep_allowed': 1, 'scored': 1, 'missed': 1, 'xpts': 1.5413, 'result': 'd', 'date': '2025-08-25 16:30:00', 'wins': 0, 'draws': 1, 'loses': 0, 'pts': 1, 'npxGD': 0.2513770000000001}, {'h_a': 'a', 'xG': 1.20014, 'xGA': 1.67172, 'npxG': 0.438844, 'npxGA': 1.67172, 'ppda': {'att': 305, 'def': 15}, 'ppda_allowed': {'att': 119, 'def': 18}, 'deep': 4, 'deep_allowed': 8, 'scored': 2, 'missed': 1, 'xpts': 0.8886000000000001, 'result': 'w', 'date': '2025-08-31 18:45:00', 'wins': 1, 'draws': 0, 'loses': 0, 'pts': 3, 'npxGD': -1.232876}, {'h_a': 'a', 'xG': 1.72902, 'xGA': 1.27587, 'npxG': 1.72902, 'npxGA': 1.27587, 'ppda': {'att': 225, 'def': 20}, 'ppda_allowed': {'att': 202, 'def': 19}, 'deep': 6, 'deep_allowed': 4, 'scored': 1, 'missed': 0, 'xpts': 1.7053, 'result': 'w', 'date': '2025-09-14 13:00:00', 'wins': 1, 'draws': 0, 'loses': 0, 'pts': 3, 'npxGD': 0.45314999999999994}, {'h_a': 'h', 'xG': 0.298364, 'xGA': 1.70251, 'npxG': 0.298364, 'npxGA': 1.70251, 'ppda': {'att': 415, 'def': 22}, 'ppda_allowed': {'att': 199, 'def': 13}, 'deep': 5, 'deep_allowed': 10, 'scored': 0, 'missed': 3, 'xpts': 0.3222, 'result': 'l', 'date': '2025-09-20 18:45:00', 'wins': 0, 'draws': 0, 'loses': 1, 'pts': 0, 'npxGD': -1.404146}, {'h_a': 'a', 'xG': 1.19344, 'xGA': 2.31332, 'npxG': 1.19344, 'npxGA': 2.31332, 'ppda': {'att': 164, 'def': 30}, 'ppda_allowed': {'att': 241, 'def': 12}, 'deep': 2, 'deep_allowed': 5, 'scored': 1, 'missed': 3, 'xpts': 0.5539000000000001, 'result': 'l', 'date': '2025-09-28 10:30:00', 'wins': 0, 'draws': 0, 'loses': 1, 'pts': 0, 'npxGD': -1.11988}, {'h_a': 'h', 'xG': 2.98545, 'xGA': 0.789093, 'npxG': 2.98545, 'npxGA': 0.789093, 'ppda': {'att': 158, 'def': 21}, 'ppda_allowed': {'att': 243, 'def': 18}, 'deep': 9, 'deep_allowed': 2, 'scored': 1, 'missed': 1, 'xpts': 2.7058, 'result': 'd', 'date': '2025-10-05 10:30:00', 'wins': 0, 'draws': 1, 'loses': 0, 'pts': 1, 'npxGD': 2.196357}, {'h_a': 'a', 'xG': 0.962572, 'xGA': 1.22876, 'npxG': 0.962572, 'npxGA': 1.22876, 'ppda': {'att': 203, 'def': 22}, 'ppda_allowed': {'att': 179, 'def': 23}, 'deep': 7, 'deep_allowed': 1, 'scored': 1, 'missed': 1, 'xpts': 1.0841, 'result': 'd', 'date': '2025-10-20 18:45:00', 'wins': 0, 'draws': 1, 'loses': 0, 'pts': 1, 'npxGD': -0.2661880000000001}, {'h_a': 'h', 'xG': 1.51576, 'xGA': 0.373551, 'npxG': 1.51576, 'npxGA': 0.373551, 'ppda': {'att': 244, 'def': 27}, 'ppda_allowed': {'att': 190, 'def': 32}, 'deep': 7, 'deep_allowed': 0, 'scored': 3, 'missed': 2, 'xpts': 2.3688, 'result': 'w', 'date': '2025-10-25 13:00:00', 'wins': 1, 'draws': 0, 'loses': 0, 'pts': 3, 'npxGD': 1.142209}, {'h_a': 'a', 'xG': 0.604108, 'xGA': 3.30641, 'npxG': 0.604108, 'npxGA': 1.78381, 'ppda': {'att': 264, 'def': 13}, 'ppda_allowed': {'att': 207, 'def': 22}, 'deep': 1, 'deep_allowed': 7, 'scored': 1, 'missed': 3, 'xpts': 0.0944, 'result': 'l', 'date': '2025-10-29 16:30:00', 'wins': 0, 'draws': 0, 'loses': 1, 'pts': 0, 'npxGD': -1.1797019999999998}]"
101,Genoa,"[{'h_a': 'h', 'xG': 0.56563, 'xGA': 0.55094, 'npxG': 0.56563, 'npxGA': 0.55094, 'ppda': {'att': 125, 'def': 23}, 'ppda_allowed': {'att': 274, 'def': 34}, 'deep': 3, 'deep_allowed': 4, 'scored': 0, 'missed': 0, 'xpts': 1.3175, 'result': 'd', 'date': '2025-08-23 16:30:00', 'wins': 0, 'draws': 1, 'loses': 0, 'pts': 1, 'npxGD': 0.01468999999999998}, {'h_a': 'h', 'xG': 0.593013, 'xGA': 1.55128, 'npxG': 0.593013, 'npxGA': 1.55128, 'ppda': {'att': 269, 'def': 27}, 'ppda_allowed': {'att': 195, 'def': 34}, 'deep': 2, 'deep_allowed': 2, 'scored': 0, 'missed': 1, 'xpts': 0.5363, 'result': 'l', 'date': '2025-08-31 16:30:00', 'wins': 0, 'draws': 0, 'loses': 1, 'pts': 0, 'npxGD': -0.958267}, {'h_a': 'a', 'xG': 2.54288, 'xGA': 1.56467, 'npxG': 2.54288, 'npxGA': 1.56467, 'ppda': {'att': 292, 'def': 37}, 'ppda_allowed': {'att': 237, 'def': 29}, 'deep': 6, 'deep_allowed': 4, 'scored': 1, 'missed': 1, 'xpts': 2.1372, 'result': 'd', 'date': '2025-09-15 18:45:00', 'wins': 0, 'draws': 1, 'loses': 0, 'pts': 1, 'npxGD': 0.9782099999999998}, {'h_a': 'a', 'xG': 0.794732, 'xGA': 1.78786, 'npxG': 0.794732, 'npxGA': 1.02656, 'ppda': {'att': 231, 'def': 22}, 'ppda_allowed': {'att': 154, 'def': 22}, 'deep': 2, 'deep_allowed': 4, 'scored': 1, 'missed': 2, 'xpts': 0.5695, 'result': 'l', 'date': '2025-09-20 13:00:00', 'wins': 0, 'draws': 0, 'loses': 1, 'pts': 0, 'npxGD': -0.23182799999999992}, {'h_a': 'h', 'xG': 1.47659, 'xGA': 3.54059, 'npxG': 1.47659, 'npxGA': 3.54059, 'ppda': {'att': 152, 'def': 27}, 'ppda_allowed': {'att': 315, 'def': 20}, 'deep': 3, 'deep_allowed': 4, 'scored': 0, 'missed': 3, 'xpts': 0.2567, 'result': 'l', 'date': '2025-09-29 18:45:00', 'wins': 0, 'draws': 0, 'loses': 1, 'pts': 0, 'npxGD': -2.064}, {'h_a': 'a', 'xG': 0.691583, 'xGA': 1.87915, 'npxG': 0.691583, 'npxGA': 1.87915, 'ppda': {'att': 331, 'def': 24}, 'ppda_allowed': {'att': 128, 'def': 21}, 'deep': 2, 'deep_allowed': 6, 'scored': 1, 'missed': 2, 'xpts': 0.4545, 'result': 'l', 'date': '2025-10-05 16:00:00', 'wins': 0, 'draws': 0, 'loses': 1, 'pts': 0, 'npxGD': -1.187567}, {'h_a': 'h', 'xG': 2.21692, 'xGA': 0.0544873, 'npxG': 1.45562, 'npxGA': 0.0544873, 'ppda': {'att': 123, 'def': 21}, 'ppda_allowed': {'att': 266, 'def': 19}, 'deep': 6, 'deep_allowed': 0, 'scored': 0, 'missed': 0, 'xpts': 2.8872, 'result': 'd', 'date': '2025-10-19 13:00:00', 'wins': 0, 'draws': 1, 'loses': 0, 'pts': 1, 'npxGD': 1.4011327}, {'h_a': 'a', 'xG': 1.9796, 'xGA': 1.8196, 'npxG': 1.9796, 'npxGA': 1.8196, 'ppda': {'att': 258, 'def': 12}, 'ppda_allowed': {'att': 171, 'def': 22}, 'deep': 7, 'deep_allowed': 6, 'scored': 1, 'missed': 2, 'xpts': 1.4917, 'result': 'l', 'date': '2025-10-26 10:30:00', 'wins': 0, 'draws': 0, 'loses': 1, 'pts': 0, 'npxGD': 0.15999999999999992}, {'h_a': 'h', 'xG': 1.3491, 'xGA': 1.57974, 'npxG': 1.3491, 'npxGA': 1.57974, 'ppda': {'att': 142, 'def': 32}, 'ppda_allowed': {'att': 190, 'def': 26}, 'deep': 6, 'deep_allowed': 3, 'scored': 0, 'missed': 2, 'xpts': 1.1775, 'result': 'l', 'date': '2025-10-29 18:45:00', 'wins': 0, 'draws': 0, 'loses': 1, 'pts': 0, 'npxGD': -0.23063999999999996}]"
104,Sassuolo,"[{'h_a': 'h', 'xG': 0.298477, 'xGA': 1.55456, 'npxG': 0.298477, 'npxGA': 1.55456, 'ppda': {'att': 416, 'def': 27}, 'ppda_allowed': {'att': 214, 'def': 28}, 'deep': 2, 'deep_allowed': 4, 'scored': 0, 'missed': 2, 'xpts': 0.3127, 'result': 'l', 'date': '2025-08-23 16:30:00', 'wins': 0, 'draws': 0, 'loses': 1, 'pts': 0, 'npxGD': -1.2560829999999998}, {'h_a': 'a', 'xG': 1.32978, 'xGA': 3.52949, 'npxG': 0.568485, 'npxGA': 2.76819, 'ppda': {'att': 194, 'def': 20}, 'ppda_allowed': {'att': 304, 'def': 22}, 'deep': 6, 'deep_allowed': 2, 'scored': 2, 'missed': 3, 'xpts': 0.1365, 'result': 'l', 'date': '2025-08-29 16:30:00', 'wins': 0, 'draws': 0, 'loses': 1, 'pts': 0, 'npxGD': -2.1997050000000002}, {'h_a': 'h', 'xG': 1.2156, 'xGA': 0.858246, 'npxG': 1.2156, 'npxGA': 0.858246, 'ppda': {'att': 339, 'def': 19}, 'ppda_allowed': {'att': 283, 'def': 21}, 'deep': 5, 'deep_allowed': 5, 'scored': 1, 'missed': 0, 'xpts': 1.7244, 'result': 'w', 'date': '2025-09-14 16:00:00', 'wins': 1, 'draws': 0, 'loses': 0, 'pts': 3, 'npxGD': 0.35735400000000006}, {'h_a': 'a', 'xG': 0.850824, 'xGA': 3.12186, 'npxG': 0.850824, 'npxGA': 3.12186, 'ppda': {'att': 248, 'def': 15}, 'ppda_allowed': {'att': 199, 'def': 26}, 'deep': 2, 'deep_allowed': 18, 'scored': 1, 'missed': 2, 'xpts': 0.222, 'result': 'l', 'date': '2025-09-21 18:45:00', 'wins': 0, 'draws': 0, 'loses': 1, 'pts': 0, 'npxGD': -2.2710359999999996}, {'h_a': 'h', 'xG': 2.31332, 'xGA': 1.19344, 'npxG': 2.31332, 'npxGA': 1.19344, 'ppda': {'att': 241, 'def': 12}, 'ppda_allowed': {'att': 164, 'def': 30}, 'deep': 5, 'deep_allowed': 2, 'scored': 3, 'missed': 1, 'xpts': 2.2354000000000003, 'result': 'w', 'date': '2025-09-28 10:30:00', 'wins': 1, 'draws': 0, 'loses': 0, 'pts': 3, 'npxGD': 1.11988}, {'h_a': 'a', 'xG': 1.5058, 'xGA': 0.810981, 'npxG': 0.561962, 'npxGA': 0.810981, 'ppda': {'att': 224, 'def': 20}, 'ppda_allowed': {'att': 185, 'def': 23}, 'deep': 2, 'deep_allowed': 8, 'scored': 1, 'missed': 0, 'xpts': 2.0519, 'result': 'w', 'date': '2025-10-03 18:45:00', 'wins': 1, 'draws': 0, 'loses': 0, 'pts': 3, 'npxGD': -0.249019}, {'h_a': 'a', 'xG': 0.77146, 'xGA': 0.66998, 'npxG': 0.77146, 'npxGA': 0.66998, 'ppda': {'att': 219, 'def': 21}, 'ppda_allowed': {'att': 233, 'def': 21}, 'deep': 2, 'deep_allowed': 3, 'scored': 0, 'missed': 0, 'xpts': 1.4499999999999997, 'result': 'd', 'date': '2025-10-18 13:00:00', 'wins': 0, 'draws': 1, 'loses': 0, 'pts': 1, 'npxGD': 0.10148000000000001}, {'h_a': 'h', 'xG': 0.949353, 'xGA': 2.25968, 'npxG': 0.949353, 'npxGA': 2.25968, 'ppda': {'att': 265, 'def': 22}, 'ppda_allowed': {'att': 175, 'def': 18}, 'deep': 9, 'deep_allowed': 9, 'scored': 0, 'missed': 1, 'xpts': 0.519, 'result': 'l', 'date': '2025-10-26 13:00:00', 'wins': 0, 'draws': 0, 'loses': 1, 'pts': 0, 'npxGD': -1.310327}, {'h_a': 'a', 'xG': 0.937652, 'xGA': 0.845219, 'npxG': 0.937652, 'npxGA': 0.845219, 'ppda': {'att': 206, 'def': 17}, 'ppda_allowed': {'att': 220, 'def': 17}, 'deep': 8, 'deep_allowed': 3, 'scored': 2, 'missed': 1, 'xpts': 1.4021, 'result': 'w', 'date': '2025-10-30 16:30:00', 'wins': 1, 'draws': 0, 'loses': 0, 'pts': 3, 'npxGD': 0.09243299999999999}]"
105,Napoli,"[{'h_a': 'a', 'xG': 1.55456, 'xGA': 0.298477, 'npxG': 1.55456, 'npxGA': 0.298477, 'ppda': {'att': 214, 'def': 28}, 'ppda_allowed': {'att': 416, 'def': 27}, 'deep': 4, 'deep_allowed': 2, 'scored': 2, 'missed': 0, 'xpts': 2.5018000000000002, 'result': 'w', 'date': '2025-08-23 16:30:00', 'wins': 1, 'draws': 0, 'loses': 0, 'pts': 3, 'npxGD': 1.2560829999999998}, {'h_a': 'h', 'xG': 1.73158, 'xGA': 0.64413, 'npxG': 1.73158, 'npxGA': 0.64413, 'ppda': {'att': 194, 'def': 21}, 'ppda_allowed': {'att': 352, 'def': 11}, 'deep': 8, 'deep_allowed': 0, 'scored': 1, 'missed': 0, 'xpts': 2.1959999999999997, 'result': 'w', 'date': '2025-08-30 18:45:00', 'wins': 1, 'draws': 0, 'loses': 0, 'pts': 3, 'npxGD': 1.08745}, {'h_a': 'a', 'xG': 3.55376, 'xGA': 1.39098, 'npxG': 2.79247, 'npxGA': 1.39098, 'ppda': {'att': 279, 'def': 23}, 'ppda_allowed': {'att': 248, 'def': 25}, 'deep': 8, 'deep_allowed': 6, 'scored': 3, 'missed': 1, 'xpts': 2.6682, 'result': 'w', 'date': '2025-09-13 18:45:00', 'wins': 1, 'draws': 0, 'loses': 0, 'pts': 3, 'npxGD': 1.4014899999999997}, {'h_a': 'h', 'xG': 1.18611, 'xGA': 2.51985, 'npxG': 1.18611, 'npxGA': 1.75855, 'ppda': {'att': 194, 'def': 25}, 'ppda_allowed': {'att': 361, 'def': 25}, 'deep': 7, 'deep_allowed': 2, 'scored': 3, 'missed': 2, 'xpts': 0.5029, 'result': 'w', 'date': '2025-09-22 18:45:00', 'wins': 1, 'draws': 0, 'loses': 0, 'pts': 3, 'npxGD': -0.5724400000000001}, {'h_a': 'a', 'xG': 2.23894, 'xGA': 0.952575, 'npxG': 1.47764, 'npxGA': 0.952575, 'ppda': {'att': 242, 'def': 18}, 'ppda_allowed': {'att': 298, 'def': 14}, 'deep': 4, 'deep_allowed': 4, 'scored': 1, 'missed': 2, 'xpts': 2.3693, 'result': 'l', 'date': '2025-09-28 18:45:00', 'wins': 0, 'draws': 0, 'loses': 1, 'pts': 0, 'npxGD': 0.5250650000000001}, {'h_a': 'h', 'xG': 1.87915, 'xGA': 0.691583, 'npxG': 1.87915, 'npxGA': 0.691583, 'ppda': {'att': 128, 'def': 21}, 'ppda_allowed': {'att': 331, 'def': 24}, 'deep': 6, 'deep_allowed': 2, 'scored': 2, 'missed': 1, 'xpts': 2.3226, 'result': 'w', 'date': '2025-10-05 16:00:00', 'wins': 1, 'draws': 0, 'loses': 0, 'pts': 3, 'npxGD': 1.187567}, {'h_a': 'a', 'xG': 1.71911, 'xGA': 1.90815, 'npxG': 1.71911, 'npxGA': 1.90815, 'ppda': {'att': 151, 'def': 17}, 'ppda_allowed': {'att': 330, 'def': 13}, 'deep': 9, 'deep_allowed': 2, 'scored': 0, 'missed': 1, 'xpts': 1.1518, 'result': 'l', 'date': '2025-10-18 16:00:00', 'wins': 0, 'draws': 0, 'loses': 1, 'pts': 0, 'npxGD': -0.1890400000000001}, {'h_a': 'h', 'xG': 1.18626, 'xGA': 2.07077, 'npxG': 0.424965, 'npxGA': 1.30947, 'ppda': {'att': 319, 'def': 14}, 'ppda_allowed': {'att': 205, 'def': 11}, 'deep': 9, 'deep_allowed': 7, 'scored': 3, 'missed': 1, 'xpts': 0.656, 'result': 'w', 'date': '2025-10-25 16:00:00', 'wins': 1, 'draws': 0, 'loses': 0, 'pts': 3, 'npxGD': -0.8845049999999999}, {'h_a': 'a', 'xG': 0.92446, 'xGA': 1.02929, 'npxG': 0.92446, 'npxGA': 0.267994, 'ppda': {'att': 206, 'def': 27}, 'ppda_allowed': {'att': 335, 'def': 28}, 'deep': 7, 'deep_allowed': 1, 'scored': 1, 'missed': 0, 'xpts': 1.1777, 'result': 'w', 'date': '2025-10-28 16:30:00', 'wins': 1, 'draws': 0, 'loses': 0, 'pts': 3, 'npxGD': 0.656466}]"
106,Inter,"[{'h_a': 'h', 'xG': 2.60956, 'xGA': 0.816232, 'npxG': 2.60956, 'npxGA': 0.816232, 'ppda': {'att': 253, 'def': 31}, 'ppda_allowed': {'att': 419, 'def': 10}, 'deep': 15, 'deep_allowed': 3, 'scored': 5, 'missed': 0, 'xpts': 2.5177, 'result': 'w', 'date': '2025-08-25 18:45:00', 'wins': 1, 'draws': 0, 'loses': 0, 'pts': 3, 'npxGD': 1.7933280000000003}, {'h_a': 'h', 'xG': 1.67172, 'xGA': 1.20014, 'npxG': 1.67172, 'npxGA': 0.438844, 'ppda': {'att': 119, 'def': 18}, 'ppda_allowed': {'att': 305, 'def': 15}, 'deep': 8, 'deep_allowed': 4, 'scored': 1, 'missed': 2, 'xpts': 1.7571, 'result': 'l', 'date': '2025-08-31 18:45:00', 'wins': 0, 'draws': 0, 'loses': 1, 'pts': 0, 'npxGD': 1.232876}, {'h_a': 'a', 'xG': 1.01628, 'xGA': 0.768943, 'npxG': 1.01628, 'npxGA': 0.768943, 'ppda': {'att': 214, 'def': 20}, 'ppda_allowed': {'att': 216, 'def': 19}, 'deep': 10, 'deep_allowed': 4, 'scored': 3, 'missed': 4, 'xpts': 1.5676, 'result': 'l', 'date': '2025-09-13 16:00:00', 'wins': 0, 'draws': 0, 'loses': 1, 'pts': 0, 'npxGD': 0.24733700000000003}, {'h_a': 'h', 'xG': 3.12186, 'xGA': 0.850824, 'npxG': 3.12186, 'npxGA': 0.850824, 'ppda': {'att': 199, 'def': 26}, 'ppda_allowed': {'att': 248, 'def': 15}, 'deep': 18, 'deep_allowed': 2, 'scored': 2, 'missed': 1, 'xpts': 2.6751, 'result': 'w', 'date': '2025-09-21 18:45:00', 'wins': 1, 'draws': 0, 'loses': 0, 'pts': 3, 'npxGD': 2.2710359999999996}, {'h_a': 'a', 'xG': 3.95419, 'xGA': 0.475174, 'npxG': 3.95419, 'npxGA': 0.475174, 'ppda': {'att': 220, 'def': 24}, 'ppda_allowed': {'att': 265, 'def': 25}, 'deep': 12, 'deep_allowed': 1, 'scored': 2, 'missed': 0, 'xpts': 2.9311, 'result': 'w', 'date': '2025-09-27 18:45:00', 'wins': 1, 'draws': 0, 'loses': 0, 'pts': 3, 'npxGD': 3.479016}, {'h_a': 'h', 'xG': 4.65231, 'xGA': 0.619599, 'npxG': 4.65231, 'npxGA': 0.619599, 'ppda': {'att': 177, 'def': 25}, 'ppda_allowed': {'att': 317, 'def': 12}, 'deep': 18, 'deep_allowed': 3, 'scored': 4, 'missed': 1, 'xpts': 2.9604999999999997, 'result': 'w', 'date': '2025-10-04 16:00:00', 'wins': 1, 'draws': 0, 'loses': 0, 'pts': 3, 'npxGD': 4.032711}, {'h_a': 'a', 'xG': 0.96386, 'xGA': 2.1538, 'npxG': 0.96386, 'npxGA': 2.1538, 'ppda': {'att': 306, 'def': 35}, 'ppda_allowed': {'att': 211, 'def': 24}, 'deep': 5, 'deep_allowed': 4, 'scored': 1, 'missed': 0, 'xpts': 0.5725, 'result': 'w', 'date': '2025-10-18 18:45:00', 'wins': 1, 'draws': 0, 'loses': 0, 'pts': 3, 'npxGD': -1.18994}, {'h_a': 'a', 'xG': 2.07077, 'xGA': 1.18626, 'npxG': 1.30947, 'npxGA': 0.424965, 'ppda': {'att': 205, 'def': 11}, 'ppda_allowed': {'att': 319, 'def': 14}, 'deep': 7, 'deep_allowed': 9, 'scored': 1, 'missed': 3, 'xpts': 2.09, 'result': 'l', 'date': '2025-10-25 16:00:00', 'wins': 0, 'draws': 0, 'loses': 1, 'pts': 0, 'npxGD': 0.8845049999999999}, {'h_a': 'h', 'xG': 2.87253, 'xGA': 0.741937, 'npxG': 2.11123, 'npxGA': 0.741937, 'ppda': {'att': 198, 'def': 22}, 'ppda_allowed': {'att': 310, 'def': 23}, 'deep': 10, 'deep_allowed': 3, 'scored': 3, 'missed': 0, 'xpts': 2.6692, 'result': 'w', 'date': '2025-10-29 18:45:00', 'wins': 1, 'draws': 0, 'loses': 0, 'pts': 3, 'npxGD': 1.3692929999999999}]"
107,Atalanta,"[{'h_a': 'h', 'xG': 2.04697, 'xGA': 1.02901, 'npxG': 2.04697, 'npxGA': 1.02901, 'ppda': {'att': 156, 'def': 11}, 'ppda_allowed': {'att': 305, 'def': 27}, 'deep': 13, 'deep_allowed': 4, 'scored': 1, 'missed': 1, 'xpts': 2.1319999999999997, 'result': 'd', 'date': '2025-08-24 18:45:00', 'wins': 0, 'draws': 1, 'loses': 0, 'pts': 1, 'npxGD': 1.01796}, {'h_a': 'a', 'xG': 1.19727, 'xGA': 0.751112, 'npxG': 1.19727, 'npxGA': 0.751112, 'ppda': {'att': 175, 'def': 17}, 'ppda_allowed': {'att': 244, 'def': 25}, 'deep': 13, 'deep_allowed': 3, 'scored': 1, 'missed': 1, 'xpts': 1.7005, 'result': 'd', 'date': '2025-08-30 16:30:00', 'wins': 0, 'draws': 1, 'loses': 0, 'pts': 1, 'npxGD': 0.44615800000000005}, {'h_a': 'h', 'xG': 2.62415, 'xGA': 0.532382, 'npxG': 2.62415, 'npxGA': 0.532382, 'ppda': {'att': 155, 'def': 20}, 'ppda_allowed': {'att': 274, 'def': 15}, 'deep': 12, 'deep_allowed': 4, 'scored': 4, 'missed': 1, 'xpts': 2.6961000000000004, 'result': 'w', 'date': '2025-09-14 13:00:00', 'wins': 1, 'draws': 0, 'loses': 0, 'pts': 3, 'npxGD': 2.091768}, {'h_a': 'a', 'xG': 1.67723, 'xGA': 1.31336, 'npxG': 1.67723, 'npxGA': 0.43578, 'ppda': {'att': 244, 'def': 19}, 'ppda_allowed': {'att': 383, 'def': 24}, 'deep': 8, 'deep_allowed': 4, 'scored': 3, 'missed': 0, 'xpts': 1.6584999999999999, 'result': 'w', 'date': '2025-09-21 13:00:00', 'wins': 1, 'draws': 0, 'loses': 0, 'pts': 3, 'npxGD': 1.24145}, {'h_a': 'a', 'xG': 0.885278, 'xGA': 1.84242, 'npxG': 0.885278, 'npxGA': 1.84242, 'ppda': {'att': 344, 'def': 11}, 'ppda_allowed': {'att': 180, 'def': 20}, 'deep': 1, 'deep_allowed': 10, 'scored': 1, 'missed': 1, 'xpts': 0.6609, 'result': 'd', 'date': '2025-09-27 16:00:00', 'wins': 0, 'draws': 1, 'loses': 0, 'pts': 1, 'npxGD': -0.9571419999999999}, {'h_a': 'h', 'xG': 1.74169, 'xGA': 0.959121, 'npxG': 1.74169, 'npxGA': 0.959121, 'ppda': {'att': 304, 'def': 31}, 'ppda_allowed': {'att': 289, 'def': 24}, 'deep': 13, 'deep_allowed': 4, 'scored': 1, 'missed': 1, 'xpts': 1.9987, 'result': 'd', 'date': '2025-10-04 18:45:00', 'wins': 0, 'draws': 1, 'loses': 0, 'pts': 1, 'npxGD': 0.782569}, {'h_a': 'h', 'xG': 2.38095, 'xGA': 0.220276, 'npxG': 2.38095, 'npxGA': 0.220276, 'ppda': {'att': 259, 'def': 22}, 'ppda_allowed': {'att': 360, 'def': 18}, 'deep': 10, 'deep_allowed': 0, 'scored': 0, 'missed': 0, 'xpts': 2.8697, 'result': 'd', 'date': '2025-10-19 16:00:00', 'wins': 0, 'draws': 1, 'loses': 0, 'pts': 1, 'npxGD': 2.1606739999999998}, {'h_a': 'a', 'xG': 1.62371, 'xGA': 0.967146, 'npxG': 1.62371, 'npxGA': 0.967146, 'ppda': {'att': 127, 'def': 14}, 'ppda_allowed': {'att': 286, 'def': 12}, 'deep': 11, 'deep_allowed': 3, 'scored': 1, 'missed': 1, 'xpts': 1.8684, 'result': 'd', 'date': '2025-10-25 18:45:00', 'wins': 0, 'draws': 1, 'loses': 0, 'pts': 1, 'npxGD': 0.656564}, {'h_a': 'h', 'xG': 1.28167, 'xGA': 0.626418, 'npxG': 1.28167, 'npxGA': 0.626418, 'ppda': {'att': 253, 'def': 19}, 'ppda_allowed': {'att': 273, 'def': 14}, 'deep': 6, 'deep_allowed': 4, 'scored': 1, 'missed': 1, 'xpts': 1.8921999999999997, 'result': 'd', 'date': '2025-10-28 18:45:00', 'wins': 0, 'draws': 1, 'loses': 0, 'pts': 1, 'npxGD': 0.6552520000000001}]"
110,Fiorentina,"[{'h_a': 'a', 'xG': 1.14261, 'xGA': 1.51736, 'npxG': 1.14261, 'npxGA': 1.51736, 'ppda': {'att': 212, 'def': 22}, 'ppda_allowed': {'att': 281, 'def': 24}, 'deep': 3, 'deep_allowed': 6, 'scored': 1, 'missed': 1, 'xpts': 1.0569, 'result': 'd', 'date': '2025-08-24 16:30:00', 'wins': 0, 'draws': 1, 'loses': 0, 'pts': 1, 'npxGD': -0.37475000000000014}, {'h_a': 'a', 'xG': 1.18859, 'xGA': 1.05012, 'npxG': 1.18859, 'npxGA': 1.05012, 'ppda': {'att': 150, 'def': 17}, 'ppda_allowed': {'att': 231, 'def': 19}, 'deep': 2, 'deep_allowed': 7, 'scored': 0, 'missed': 0, 'xpts': 1.4423, 'result': 'd', 'date': '2025-08-31 16:30:00', 'wins': 0, 'draws': 1, 'loses': 0, 'pts': 1, 'npxGD': 0.1384700000000001}, {'h_a': 'h', 'xG': 1.39098, 'xGA': 3.55376, 'npxG': 1.39098, 'npxGA': 2.79247, 'ppda': {'att': 248, 'def': 25}, 'ppda_allowed': {'att': 279, 'def': 23}, 'deep': 6, 'deep_allowed': 8, 'scored': 1, 'missed': 3, 'xpts': 0.2418, 'result': 'l', 'date': '2025-09-13 18:45:00', 'wins': 0, 'draws': 0, 'loses': 1, 'pts': 0, 'npxGD': -1.4014899999999997}, {'h_a': 'h', 'xG': 0.424904, 'xGA': 2.09507, 'npxG': 0.424904, 'npxGA': 2.09507, 'ppda': {'att': 288, 'def': 31}, 'ppda_allowed': {'att': 169, 'def': 30}, 'deep': 1, 'deep_allowed': 7, 'scored': 1, 'missed': 2, 'xpts': 0.2915, 'result': 'l', 'date': '2025-09-21 16:00:00', 'wins': 0, 'draws': 0, 'loses': 1, 'pts': 0, 'npxGD': -1.6701660000000003}, {'h_a': 'a', 'xG': 0.840093, 'xGA': 0.580471, 'npxG': 0.840093, 'npxGA': 0.580471, 'ppda': {'att': 114, 'def': 28}, 'ppda_allowed': {'att': 244, 'def': 28}, 'deep': 4, 'deep_allowed': 4, 'scored': 0, 'missed': 0, 'xpts': 1.5492, 'result': 'd', 'date': '2025-09-28 13:00:00', 'wins': 0, 'draws': 1, 'loses': 0, 'pts': 1, 'npxGD': 0.259622}, {'h_a': 'h', 'xG': 1.11719, 'xGA': 1.22512, 'npxG': 1.11719, 'npxGA': 1.22512, 'ppda': {'att': 274, 'def': 21}, 'ppda_allowed': {'att': 226, 'def': 31}, 'deep': 2, 'deep_allowed': 8, 'scored': 1, 'missed': 2, 'xpts': 1.1895, 'result': 'l', 'date': '2025-10-05 13:00:00', 'wins': 0, 'draws': 0, 'loses': 1, 'pts': 0, 'npxGD': -0.10793000000000008}, {'h_a': 'a', 'xG': 0.965997, 'xGA': 2.01853, 'npxG': 0.965997, 'npxGA': 1.25723, 'ppda': {'att': 266, 'def': 16}, 'ppda_allowed': {'att': 211, 'def': 20}, 'deep': 3, 'deep_allowed': 3, 'scored': 1, 'missed': 2, 'xpts': 0.4671, 'result': 'l', 'date': '2025-10-19 18:45:00', 'wins': 0, 'draws': 0, 'loses': 1, 'pts': 0, 'npxGD': -0.2912330000000001}, {'h_a': 'h', 'xG': 3.87905, 'xGA': 0.883347, 'npxG': 2.35645, 'npxGA': 0.883347, 'ppda': {'att': 182, 'def': 18}, 'ppda_allowed': {'att': 181, 'def': 20}, 'deep': 3, 'deep_allowed': 6, 'scored': 2, 'missed': 2, 'xpts': 2.9146, 'result': 'd', 'date': '2025-10-26 16:00:00', 'wins': 0, 'draws': 1, 'loses': 0, 'pts': 1, 'npxGD': 1.473103}, {'h_a': 'a', 'xG': 0.741937, 'xGA': 2.87253, 'npxG': 0.741937, 'npxGA': 2.11123, 'ppda': {'att': 310, 'def': 23}, 'ppda_allowed': {'att': 198, 'def': 22}, 'deep': 3, 'deep_allowed': 10, 'scored': 0, 'missed': 3, 'xpts': 0.2245, 'result': 'l', 'date': '2025-10-29 18:45:00', 'wins': 0, 'draws': 0, 'loses': 1, 'pts': 0, 'npxGD': -1.3692929999999999}]"
111,AC Milan,"[{'h_a': 'h', 'xG': 2.08498, 'xGA': 0.363576, 'npxG': 2.08498, 'npxGA': 0.363576, 'ppda': {'att': 232, 'def': 17}, 'ppda_allowed': {'att': 348, 'def': 20}, 'deep': 19, 'deep_allowed': 0, 'scored': 1, 'missed': 2, 'xpts': 2.6003000000000003, 'result': 'l', 'date': '2025-08-23 18:45:00', 'wins': 0, 'draws': 0, 'loses': 1, 'pts': 0, 'npxGD': 1.7214039999999997}, {'h_a': 'a', 'xG': 2.13175, 'xGA': 0.481693, 'npxG': 2.13175, 'npxGA': 0.481693, 'ppda': {'att': 214, 'def': 10}, 'ppda_allowed': {'att': 305, 'def': 14}, 'deep': 11, 'deep_allowed': 7, 'scored': 2, 'missed': 0, 'xpts': 2.5508, 'result': 'w', 'date': '2025-08-29 18:45:00', 'wins': 1, 'draws': 0, 'loses': 0, 'pts': 3, 'npxGD': 1.6500569999999999}, {'h_a': 'h', 'xG': 1.15538, 'xGA': 0.198634, 'npxG': 1.15538, 'npxGA': 0.198634, 'ppda': {'att': 344, 'def': 21}, 'ppda_allowed': {'att': 196, 'def': 19}, 'deep': 7, 'deep_allowed': 2, 'scored': 1, 'missed': 0, 'xpts': 2.2569, 'result': 'w', 'date': '2025-09-14 18:45:00', 'wins': 1, 'draws': 0, 'loses': 0, 'pts': 3, 'npxGD': 0.9567460000000001}, {'h_a': 'a', 'xG': 1.70251, 'xGA': 0.298364, 'npxG': 1.70251, 'npxGA': 0.298364, 'ppda': {'att': 199, 'def': 13}, 'ppda_allowed': {'att': 415, 'def': 22}, 'deep': 10, 'deep_allowed': 5, 'scored': 3, 'missed': 0, 'xpts': 2.493, 'result': 'w', 'date': '2025-09-20 18:45:00', 'wins': 1, 'draws': 0, 'loses': 0, 'pts': 3, 'npxGD': 1.404146}, {'h_a': 'h', 'xG': 0.952575, 'xGA': 2.23894, 'npxG': 0.952575, 'npxGA': 1.47764, 'ppda': {'att': 298, 'def': 14}, 'ppda_allowed': {'att': 242, 'def': 18}, 'deep': 4, 'deep_allowed': 4, 'scored': 2, 'missed': 1, 'xpts': 0.44480000000000003, 'result': 'w', 'date': '2025-09-28 18:45:00', 'wins': 1, 'draws': 0, 'loses': 0, 'pts': 3, 'npxGD': -0.5250650000000001}, {'h_a': 'a', 'xG': 1.55707, 'xGA': 0.570595, 'npxG': 0.795771, 'npxGA': 0.570595, 'ppda': {'att': 287, 'def': 13}, 'ppda_allowed': {'att': 300, 'def': 14}, 'deep': 3, 'deep_allowed': 6, 'scored': 0, 'missed': 0, 'xpts': 2.2260999999999997, 'result': 'd', 'date': '2025-10-05 18:45:00', 'wins': 0, 'draws': 1, 'loses': 0, 'pts': 1, 'npxGD': 0.22517600000000004}, {'h_a': 'h', 'xG': 2.01853, 'xGA': 0.965997, 'npxG': 1.25723, 'npxGA': 0.965997, 'ppda': {'att': 211, 'def': 20}, 'ppda_allowed': {'att': 266, 'def': 16}, 'deep': 3, 'deep_allowed': 3, 'scored': 2, 'missed': 1, 'xpts': 2.2794, 'result': 'w', 'date': '2025-10-19 18:45:00', 'wins': 1, 'draws': 0, 'loses': 0, 'pts': 3, 'npxGD': 0.2912330000000001}, {'h_a': 'h', 'xG': 1.97232, 'xGA': 1.22514, 'npxG': 1.97232, 'npxGA': 0.463839, 'ppda': {'att': 170, 'def': 16}, 'ppda_allowed': {'att': 326, 'def': 24}, 'deep': 15, 'deep_allowed': 4, 'scored': 2, 'missed': 2, 'xpts': 1.9439000000000002, 'result': 'd', 'date': '2025-10-24 18:45:00', 'wins': 0, 'draws': 1, 'loses': 0, 'pts': 1, 'npxGD': 1.5084810000000002}, {'h_a': 'a', 'xG': 0.626418, 'xGA': 1.28167, 'npxG': 0.626418, 'npxGA': 1.28167, 'ppda': {'att': 273, 'def': 14}, 'ppda_allowed': {'att': 253, 'def': 19}, 'deep': 4, 'deep_allowed': 6, 'scored': 1, 'missed': 1, 'xpts': 0.7927, 'result': 'd', 'date': '2025-10-28 18:45:00', 'wins': 0, 'draws': 1, 'loses': 0, 'pts': 1, 'npxGD': -0.6552520000000001}]"
113,Torino,"[{'h_a': 'a', 'xG': 0.816232, 'xGA': 2.60956, 'npxG': 0.816232, 'npxGA': 2.60956, 'ppda': {'att': 419, 'def': 10}, 'ppda_allowed': {'att': 253, 'def': 31}, 'deep': 3, 'deep_allowed': 15, 'scored': 0, 'missed': 5, 'xpts': 0.3415, 'result': 'l', 'date': '2025-08-25 18:45:00', 'wins': 0, 'draws': 0, 'loses': 1, 'pts': 0, 'npxGD': -1.7933280000000003}, {'h_a': 'h', 'xG': 1.05012, 'xGA': 1.18859, 'npxG': 1.05012, 'npxGA': 1.18859, 'ppda': {'att': 231, 'def': 19}, 'ppda_allowed': {'att': 150, 'def': 17}, 'deep': 7, 'deep_allowed': 2, 'scored': 0, 'missed': 0, 'xpts': 1.2317, 'result': 'd', 'date': '2025-08-31 16:30:00', 'wins': 0, 'draws': 1, 'loses': 0, 'pts': 1, 'npxGD': -0.1384700000000001}, {'h_a': 'a', 'xG': 0.805089, 'xGA': 1.02943, 'npxG': 0.805089, 'npxGA': 1.02943, 'ppda': {'att': 311, 'def': 14}, 'ppda_allowed': {'att': 102, 'def': 19}, 'deep': 2, 'deep_allowed': 6, 'scored': 1, 'missed': 0, 'xpts': 1.17, 'result': 'w', 'date': '2025-09-14 10:30:00', 'wins': 1, 'draws': 0, 'loses': 0, 'pts': 3, 'npxGD': -0.224341}, {'h_a': 'h', 'xG': 1.31336, 'xGA': 1.67723, 'npxG': 0.43578, 'npxGA': 1.67723, 'ppda': {'att': 383, 'def': 24}, 'ppda_allowed': {'att': 244, 'def': 19}, 'deep': 4, 'deep_allowed': 8, 'scored': 0, 'missed': 3, 'xpts': 1.0063, 'result': 'l', 'date': '2025-09-21 13:00:00', 'wins': 0, 'draws': 0, 'loses': 1, 'pts': 0, 'npxGD': -1.24145}, {'h_a': 'a', 'xG': 0.660829, 'xGA': 1.44462, 'npxG': 0.660829, 'npxGA': 0.683322, 'ppda': {'att': 144, 'def': 16}, 'ppda_allowed': {'att': 251, 'def': 17}, 'deep': 6, 'deep_allowed': 1, 'scored': 1, 'missed': 2, 'xpts': 0.6448, 'result': 'l', 'date': '2025-09-29 16:30:00', 'wins': 0, 'draws': 0, 'loses': 1, 'pts': 0, 'npxGD': -0.022492999999999985}, {'h_a': 'a', 'xG': 2.18108, 'xGA': 1.45075, 'npxG': 2.18108, 'npxGA': 0.68945, 'ppda': {'att': 238, 'def': 34}, 'ppda_allowed': {'att': 261, 'def': 24}, 'deep': 9, 'deep_allowed': 3, 'scored': 3, 'missed': 3, 'xpts': 1.923, 'result': 'd', 'date': '2025-10-04 13:00:00', 'wins': 0, 'draws': 1, 'loses': 0, 'pts': 1, 'npxGD': 1.4916300000000002}, {'h_a': 'h', 'xG': 1.90815, 'xGA': 1.71911, 'npxG': 1.90815, 'npxGA': 1.71911, 'ppda': {'att': 330, 'def': 13}, 'ppda_allowed': {'att': 151, 'def': 17}, 'deep': 2, 'deep_allowed': 9, 'scored': 1, 'missed': 0, 'xpts': 1.5664000000000002, 'result': 'w', 'date': '2025-10-18 16:00:00', 'wins': 1, 'draws': 0, 'loses': 0, 'pts': 3, 'npxGD': 0.1890400000000001}, {'h_a': 'h', 'xG': 1.8196, 'xGA': 1.9796, 'npxG': 1.8196, 'npxGA': 1.9796, 'ppda': {'att': 171, 'def': 22}, 'ppda_allowed': {'att': 258, 'def': 12}, 'deep': 6, 'deep_allowed': 7, 'scored': 2, 'missed': 1, 'xpts': 1.2526, 'result': 'w', 'date': '2025-10-26 10:30:00', 'wins': 1, 'draws': 0, 'loses': 0, 'pts': 3, 'npxGD': -0.15999999999999992}, {'h_a': 'a', 'xG': 0.797473, 'xGA': 0.3322, 'npxG': 0.797473, 'npxGA': 0.3322, 'ppda': {'att': 388, 'def': 19}, 'ppda_allowed': {'att': 128, 'def': 17}, 'deep': 4, 'deep_allowed': 6, 'scored': 0, 'missed': 0, 'xpts': 1.8261, 'result': 'd', 'date': '2025-10-29 18:45:00', 'wins': 0, 'draws': 1, 'loses': 0, 'pts': 1, 'npxGD': 0.465273}]"
116,Cagliari,"[{'h_a': 'h', 'xG': 1.51736, 'xGA': 1.14261, 'npxG': 1.51736, 'npxGA': 1.14261, 'ppda': {'att': 281, 'def': 24}, 'ppda_allowed': {'att': 212, 'def': 22}, 'deep': 6, 'deep_allowed': 3, 'scored': 1, 'missed': 1, 'xpts': 1.6262999999999999, 'result': 'd', 'date': '2025-08-24 16:30:00', 'wins': 0, 'draws': 1, 'loses': 0, 'pts': 1, 'npxGD': 0.37475000000000014}, {'h_a': 'a', 'xG': 0.64413, 'xGA': 1.73158, 'npxG': 0.64413, 'npxGA': 1.73158, 'ppda': {'att': 352, 'def': 11}, 'ppda_allowed': {'att': 194, 'def': 21}, 'deep': 0, 'deep_allowed': 8, 'scored': 0, 'missed': 1, 'xpts': 0.5751, 'result': 'l', 'date': '2025-08-30 18:45:00', 'wins': 0, 'draws': 0, 'loses': 1, 'pts': 0, 'npxGD': -1.08745}, {'h_a': 'h', 'xG': 1.76945, 'xGA': 1.95549, 'npxG': 1.76945, 'npxGA': 1.95549, 'ppda': {'att': 202, 'def': 21}, 'ppda_allowed': {'att': 262, 'def': 37}, 'deep': 4, 'deep_allowed': 7, 'scored': 2, 'missed': 0, 'xpts': 1.2785, 'result': 'w', 'date': '2025-09-13 13:00:00', 'wins': 1, 'draws': 0, 'loses': 0, 'pts': 3, 'npxGD': -0.18603999999999998}, {'h_a': 'a', 'xG': 2.21034, 'xGA': 1.13998, 'npxG': 1.44904, 'npxGA': 1.13998, 'ppda': {'att': 222, 'def': 25}, 'ppda_allowed': {'att': 222, 'def': 22}, 'deep': 10, 'deep_allowed': 4, 'scored': 2, 'missed': 1, 'xpts': 2.2102, 'result': 'w', 'date': '2025-09-19 18:45:00', 'wins': 1, 'draws': 0, 'loses': 0, 'pts': 3, 'npxGD': 0.3090600000000001}, {'h_a': 'h', 'xG': 0.475174, 'xGA': 3.95419, 'npxG': 0.475174, 'npxGA': 3.95419, 'ppda': {'att': 265, 'def': 25}, 'ppda_allowed': {'att': 220, 'def': 24}, 'deep': 1, 'deep_allowed': 12, 'scored': 0, 'missed': 2, 'xpts': 0.0427, 'result': 'l', 'date': '2025-09-27 18:45:00', 'wins': 0, 'draws': 0, 'loses': 1, 'pts': 0, 'npxGD': -3.479016}, {'h_a': 'a', 'xG': 0.789093, 'xGA': 2.98545, 'npxG': 0.789093, 'npxGA': 2.98545, 'ppda': {'att': 243, 'def': 18}, 'ppda_allowed': {'att': 158, 'def': 21}, 'deep': 2, 'deep_allowed': 9, 'scored': 1, 'missed': 1, 'xpts': 0.2002, 'result': 'd', 'date': '2025-10-05 10:30:00', 'wins': 0, 'draws': 1, 'loses': 0, 'pts': 1, 'npxGD': -2.196357}, {'h_a': 'h', 'xG': 0.367775, 'xGA': 1.15836, 'npxG': 0.367775, 'npxGA': 1.15836, 'ppda': {'att': 281, 'def': 19}, 'ppda_allowed': {'att': 190, 'def': 32}, 'deep': 3, 'deep_allowed': 3, 'scored': 0, 'missed': 2, 'xpts': 0.5574, 'result': 'l', 'date': '2025-10-19 13:00:00', 'wins': 0, 'draws': 0, 'loses': 1, 'pts': 0, 'npxGD': -0.7905850000000001}, {'h_a': 'a', 'xG': 0.837271, 'xGA': 2.03687, 'npxG': 0.837271, 'npxGA': 2.03687, 'ppda': {'att': 158, 'def': 21}, 'ppda_allowed': {'att': 379, 'def': 24}, 'deep': 2, 'deep_allowed': 2, 'scored': 2, 'missed': 2, 'xpts': 0.4568, 'result': 'd', 'date': '2025-10-26 13:00:00', 'wins': 0, 'draws': 1, 'loses': 0, 'pts': 1, 'npxGD': -1.199599}, {'h_a': 'h', 'xG': 0.845219, 'xGA': 0.937652, 'npxG': 0.845219, 'npxGA': 0.937652, 'ppda': {'att': 220, 'def': 17}, 'ppda_allowed': {'att': 206, 'def': 17}, 'deep': 3, 'deep_allowed': 8, 'scored': 1, 'missed': 2, 'xpts': 1.2446, 'result': 'l', 'date': '2025-10-30 16:30:00', 'wins': 0, 'draws': 0, 'loses': 1, 'pts': 0, 'npxGD': -0.09243299999999999}]"
230,Parma Calcio 1913,"[{'h_a': 'a', 'xG': 0.815567, 'xGA': 2.74202, 'npxG': 0.815567, 'npxGA': 2.74202, 'ppda': {'att': 231, 'def': 21}, 'ppda_allowed': {'att': 155, 'def': 21}, 'deep': 3, 'deep_allowed': 11, 'scored': 0, 'missed': 2, 'xpts': 0.24109999999999998, 'result': 'l', 'date': '2025-08-24 18:45:00', 'wins': 0, 'draws': 0, 'loses': 1, 'pts': 0, 'npxGD': -1.926453}, {'h_a': 'h', 'xG': 0.751112, 'xGA': 1.19727, 'npxG': 0.751112, 'npxGA': 1.19727, 'ppda': {'att': 244, 'def': 25}, 'ppda_allowed': {'att': 175, 'def': 17}, 'deep': 3, 'deep_allowed': 13, 'scored': 1, 'missed': 1, 'xpts': 0.9360999999999999, 'result': 'd', 'date': '2025-08-30 16:30:00', 'wins': 0, 'draws': 1, 'loses': 0, 'pts': 1, 'npxGD': -0.44615800000000005}, {'h_a': 'a', 'xG': 1.95549, 'xGA': 1.76945, 'npxG': 1.95549, 'npxGA': 1.76945, 'ppda': {'att': 262, 'def': 37}, 'ppda_allowed': {'att': 202, 'def': 21}, 'deep': 7, 'deep_allowed': 4, 'scored': 0, 'missed': 2, 'xpts': 1.4576, 'result': 'l', 'date': '2025-09-13 13:00:00', 'wins': 0, 'draws': 0, 'loses': 1, 'pts': 0, 'npxGD': 0.18603999999999998}, {'h_a': 'a', 'xG': 0.902031, 'xGA': 0.172561, 'npxG': 0.902031, 'npxGA': 0.172561, 'ppda': {'att': 248, 'def': 21}, 'ppda_allowed': {'att': 214, 'def': 14}, 'deep': 4, 'deep_allowed': 2, 'scored': 0, 'missed': 0, 'xpts': 2.0266, 'result': 'd', 'date': '2025-09-21 13:00:00', 'wins': 0, 'draws': 1, 'loses': 0, 'pts': 1, 'npxGD': 0.7294700000000001}, {'h_a': 'h', 'xG': 1.44462, 'xGA': 0.660829, 'npxG': 0.683322, 'npxGA': 0.660829, 'ppda': {'att': 251, 'def': 17}, 'ppda_allowed': {'att': 144, 'def': 16}, 'deep': 1, 'deep_allowed': 6, 'scored': 2, 'missed': 1, 'xpts': 2.0935, 'result': 'w', 'date': '2025-09-29 16:30:00', 'wins': 1, 'draws': 0, 'loses': 0, 'pts': 3, 'npxGD': 0.022492999999999985}, {'h_a': 'h', 'xG': 1.08896, 'xGA': 0.622459, 'npxG': 1.08896, 'npxGA': 0.622459, 'ppda': {'att': 116, 'def': 16}, 'ppda_allowed': {'att': 269, 'def': 15}, 'deep': 5, 'deep_allowed': 3, 'scored': 0, 'missed': 1, 'xpts': 1.7644, 'result': 'l', 'date': '2025-10-04 13:00:00', 'wins': 0, 'draws': 0, 'loses': 1, 'pts': 0, 'npxGD': 0.46650099999999994}, {'h_a': 'a', 'xG': 0.0544873, 'xGA': 2.21692, 'npxG': 0.0544873, 'npxGA': 1.45562, 'ppda': {'att': 266, 'def': 19}, 'ppda_allowed': {'att': 123, 'def': 21}, 'deep': 0, 'deep_allowed': 6, 'scored': 0, 'missed': 0, 'xpts': 0.0594, 'result': 'd', 'date': '2025-10-19 13:00:00', 'wins': 0, 'draws': 1, 'loses': 0, 'pts': 1, 'npxGD': -1.4011327}, {'h_a': 'h', 'xG': 1.56651, 'xGA': 0.387121, 'npxG': 1.56651, 'npxGA': 0.387121, 'ppda': {'att': 390, 'def': 23}, 'ppda_allowed': {'att': 111, 'def': 27}, 'deep': 4, 'deep_allowed': 3, 'scored': 0, 'missed': 0, 'xpts': 2.3872999999999998, 'result': 'd', 'date': '2025-10-25 13:00:00', 'wins': 0, 'draws': 1, 'loses': 0, 'pts': 1, 'npxGD': 1.179389}, {'h_a': 'a', 'xG': 1.17796, 'xGA': 1.15685, 'npxG': 1.17796, 'npxGA': 1.15685, 'ppda': {'att': 291, 'def': 15}, 'ppda_allowed': {'att': 213, 'def': 26}, 'deep': 4, 'deep_allowed': 8, 'scored': 1, 'missed': 2, 'xpts': 1.4102999999999999, 'result': 'l', 'date': '2025-10-29 16:30:00', 'wins': 0, 'draws': 0, 'loses': 1, 'pts': 0, 'npxGD': 0.021109999999999962}]"
243,Lecce,"[{'h_a': 'a', 'xG': 0.55094, 'xGA': 0.56563, 'npxG': 0.55094, 'npxGA': 0.56563, 'ppda': {'att': 274, 'def': 34}, 'ppda_allowed': {'att': 125, 'def': 23}, 'deep': 4, 'deep_allowed': 3, 'scored': 0, 'missed': 0, 'xpts': 1.2407, 'result': 'd', 'date': '2025-08-23 16:30:00', 'wins': 0, 'draws': 1, 'loses': 0, 'pts': 1, 'npxGD': -0.01468999999999998}, {'h_a': 'h', 'xG': 0.481693, 'xGA': 2.13175, 'npxG': 0.481693, 'npxGA': 2.13175, 'ppda': {'att': 305, 'def': 14}, 'ppda_allowed': {'att': 214, 'def': 10}, 'deep': 7, 'deep_allowed': 11, 'scored': 0, 'missed': 2, 'xpts': 0.3023, 'result': 'l', 'date': '2025-08-29 18:45:00', 'wins': 0, 'draws': 0, 'loses': 1, 'pts': 0, 'npxGD': -1.6500569999999999}, {'h_a': 'a', 'xG': 0.532382, 'xGA': 2.62415, 'npxG': 0.532382, 'npxGA': 2.62415, 'ppda': {'att': 274, 'def': 15}, 'ppda_allowed': {'att': 155, 'def': 20}, 'deep': 4, 'deep_allowed': 12, 'scored': 1, 'missed': 4, 'xpts': 0.2049, 'result': 'l', 'date': '2025-09-14 13:00:00', 'wins': 0, 'draws': 0, 'loses': 1, 'pts': 0, 'npxGD': -2.091768}, {'h_a': 'h', 'xG': 1.13998, 'xGA': 2.21034, 'npxG': 1.13998, 'npxGA': 1.44904, 'ppda': {'att': 222, 'def': 22}, 'ppda_allowed': {'att': 222, 'def': 25}, 'deep': 4, 'deep_allowed': 10, 'scored': 1, 'missed': 2, 'xpts': 0.5752, 'result': 'l', 'date': '2025-09-19 18:45:00', 'wins': 0, 'draws': 0, 'loses': 1, 'pts': 0, 'npxGD': -0.3090600000000001}, {'h_a': 'h', 'xG': 2.09017, 'xGA': 1.5908, 'npxG': 2.09017, 'npxGA': 0.829502, 'ppda': {'att': 315, 'def': 23}, 'ppda_allowed': {'att': 118, 'def': 24}, 'deep': 6, 'deep_allowed': 8, 'scored': 2, 'missed': 2, 'xpts': 1.7630999999999997, 'result': 'd', 'date': '2025-09-28 16:00:00', 'wins': 0, 'draws': 1, 'loses': 0, 'pts': 1, 'npxGD': 1.2606680000000001}, {'h_a': 'a', 'xG': 0.622459, 'xGA': 1.08896, 'npxG': 0.622459, 'npxGA': 1.08896, 'ppda': {'att': 269, 'def': 15}, 'ppda_allowed': {'att': 116, 'def': 16}, 'deep': 3, 'deep_allowed': 5, 'scored': 1, 'missed': 0, 'xpts': 0.9052, 'result': 'w', 'date': '2025-10-04 13:00:00', 'wins': 1, 'draws': 0, 'loses': 0, 'pts': 3, 'npxGD': -0.46650099999999994}, {'h_a': 'h', 'xG': 0.66998, 'xGA': 0.77146, 'npxG': 0.66998, 'npxGA': 0.77146, 'ppda': {'att': 233, 'def': 21}, 'ppda_allowed': {'att': 219, 'def': 21}, 'deep': 3, 'deep_allowed': 2, 'scored': 0, 'missed': 0, 'xpts': 1.1698, 'result': 'd', 'date': '2025-10-18 13:00:00', 'wins': 0, 'draws': 1, 'loses': 0, 'pts': 1, 'npxGD': -0.10148000000000001}, {'h_a': 'a', 'xG': 0.373551, 'xGA': 1.51576, 'npxG': 0.373551, 'npxGA': 1.51576, 'ppda': {'att': 190, 'def': 32}, 'ppda_allowed': {'att': 244, 'def': 27}, 'deep': 0, 'deep_allowed': 7, 'scored': 2, 'missed': 3, 'xpts': 0.4149, 'result': 'l', 'date': '2025-10-25 13:00:00', 'wins': 0, 'draws': 0, 'loses': 1, 'pts': 0, 'npxGD': -1.142209}, {'h_a': 'h', 'xG': 1.02929, 'xGA': 0.92446, 'npxG': 0.267994, 'npxGA': 0.92446, 'ppda': {'att': 335, 'def': 28}, 'ppda_allowed': {'att': 206, 'def': 27}, 'deep': 1, 'deep_allowed': 7, 'scored': 0, 'missed': 1, 'xpts': 1.4752999999999998, 'result': 'l', 'date': '2025-10-28 16:30:00', 'wins': 0, 'draws': 0, 'loses': 1, 'pts': 0, 'npxGD': -0.656466}]"
272,Cremonese,"[{'h_a': 'a', 'xG': 0.363576, 'xGA': 2.08498, 'npxG': 0.363576, 'npxGA': 2.08498, 'ppda': {'att': 348, 'def': 20}, 'ppda_allowed': {'att': 232, 'def': 17}, 'deep': 0, 'deep_allowed': 19, 'scored': 2, 'missed': 1, 'xpts': 0.2555, 'result': 'w', 'date': '2025-08-23 18:45:00', 'wins': 1, 'draws': 0, 'loses': 0, 'pts': 3, 'npxGD': -1.7214039999999997}, {'h_a': 'h', 'xG': 3.52949, 'xGA': 1.32978, 'npxG': 2.76819, 'npxGA': 0.568485, 'ppda': {'att': 304, 'def': 22}, 'ppda_allowed': {'att': 194, 'def': 20}, 'deep': 2, 'deep_allowed': 6, 'scored': 3, 'missed': 2, 'xpts': 2.7855, 'result': 'w', 'date': '2025-08-29 16:30:00', 'wins': 1, 'draws': 0, 'loses': 0, 'pts': 3, 'npxGD': 2.1997050000000002}, {'h_a': 'a', 'xG': 0.166346, 'xGA': 1.8883, 'npxG': 0.166346, 'npxGA': 1.8883, 'ppda': {'att': 228, 'def': 11}, 'ppda_allowed': {'att': 330, 'def': 28}, 'deep': 1, 'deep_allowed': 3, 'scored': 0, 'missed': 0, 'xpts': 0.19390000000000002, 'result': 'd', 'date': '2025-09-15 16:30:00', 'wins': 0, 'draws': 1, 'loses': 0, 'pts': 1, 'npxGD': -1.7219540000000002}, {'h_a': 'h', 'xG': 0.172561, 'xGA': 0.902031, 'npxG': 0.172561, 'npxGA': 0.902031, 'ppda': {'att': 214, 'def': 14}, 'ppda_allowed': {'att': 248, 'def': 21}, 'deep': 2, 'deep_allowed': 4, 'scored': 0, 'missed': 0, 'xpts': 0.5848, 'result': 'd', 'date': '2025-09-21 13:00:00', 'wins': 0, 'draws': 1, 'loses': 0, 'pts': 1, 'npxGD': -0.7294700000000001}, {'h_a': 'a', 'xG': 0.564557, 'xGA': 1.44033, 'npxG': 0.564557, 'npxGA': 1.44033, 'ppda': {'att': 292, 'def': 17}, 'ppda_allowed': {'att': 179, 'def': 26}, 'deep': 2, 'deep_allowed': 3, 'scored': 1, 'missed': 1, 'xpts': 0.6134, 'result': 'd', 'date': '2025-09-27 13:00:00', 'wins': 0, 'draws': 1, 'loses': 0, 'pts': 1, 'npxGD': -0.8757730000000001}, {'h_a': 'a', 'xG': 0.619599, 'xGA': 4.65231, 'npxG': 0.619599, 'npxGA': 4.65231, 'ppda': {'att': 317, 'def': 12}, 'ppda_allowed': {'att': 177, 'def': 25}, 'deep': 3, 'deep_allowed': 18, 'scored': 1, 'missed': 4, 'xpts': 0.023799999999999998, 'result': 'l', 'date': '2025-10-04 16:00:00', 'wins': 0, 'draws': 0, 'loses': 1, 'pts': 0, 'npxGD': -4.032711}, {'h_a': 'h', 'xG': 1.22876, 'xGA': 0.962572, 'npxG': 1.22876, 'npxGA': 0.962572, 'ppda': {'att': 179, 'def': 23}, 'ppda_allowed': {'att': 203, 'def': 22}, 'deep': 1, 'deep_allowed': 7, 'scored': 1, 'missed': 1, 'xpts': 1.6079, 'result': 'd', 'date': '2025-10-20 18:45:00', 'wins': 0, 'draws': 1, 'loses': 0, 'pts': 1, 'npxGD': 0.2661880000000001}, {'h_a': 'h', 'xG': 0.967146, 'xGA': 1.62371, 'npxG': 0.967146, 'npxGA': 1.62371, 'ppda': {'att': 286, 'def': 12}, 'ppda_allowed': {'att': 127, 'def': 14}, 'deep': 3, 'deep_allowed': 11, 'scored': 1, 'missed': 1, 'xpts': 0.8469, 'result': 'd', 'date': '2025-10-25 18:45:00', 'wins': 0, 'draws': 1, 'loses': 0, 'pts': 1, 'npxGD': -0.656564}, {'h_a': 'a', 'xG': 1.57974, 'xGA': 1.3491, 'npxG': 1.57974, 'npxGA': 1.3491, 'ppda': {'att': 190, 'def': 26}, 'ppda_allowed': {'att': 142, 'def': 32}, 'deep': 3, 'deep_allowed': 6, 'scored': 2, 'missed': 0, 'xpts': 1.5312000000000001, 'result': 'w', 'date': '2025-10-29 18:45:00', 'wins': 1, 'draws': 0, 'loses': 0, 'pts': 3, 'npxGD': 0.23063999999999996}]"
286,Como,"[{'h_a': 'h', 'xG': 1.28478, 'xGA': 0.202984, 'npxG': 1.28478, 'npxGA': 0.202984, 'ppda': {'att': 202, 'def': 35}, 'ppda_allowed': {'att': 339, 'def': 26}, 'deep': 5, 'deep_allowed': 2, 'scored': 2, 'missed': 0, 'xpts': 2.3154000000000003, 'result': 'w', 'date': '2025-08-24 16:30:00', 'wins': 1, 'draws': 0, 'loses': 0, 'pts': 3, 'npxGD': 1.081796}, {'h_a': 'a', 'xG': 0.521585, 'xGA': 1.51584, 'npxG': 0.521585, 'npxGA': 1.51584, 'ppda': {'att': 130, 'def': 28}, 'ppda_allowed': {'att': 303, 'def': 23}, 'deep': 7, 'deep_allowed': 3, 'scored': 0, 'missed': 1, 'xpts': 0.535, 'result': 'l', 'date': '2025-08-30 16:30:00', 'wins': 0, 'draws': 0, 'loses': 1, 'pts': 0, 'npxGD': -0.9942550000000001}, {'h_a': 'h', 'xG': 1.56467, 'xGA': 2.54288, 'npxG': 1.56467, 'npxGA': 2.54288, 'ppda': {'att': 237, 'def': 29}, 'ppda_allowed': {'att': 292, 'def': 37}, 'deep': 4, 'deep_allowed': 6, 'scored': 1, 'missed': 1, 'xpts': 0.6414000000000001, 'result': 'd', 'date': '2025-09-15 18:45:00', 'wins': 0, 'draws': 1, 'loses': 0, 'pts': 1, 'npxGD': -0.9782099999999998}, {'h_a': 'a', 'xG': 2.09507, 'xGA': 0.424904, 'npxG': 2.09507, 'npxGA': 0.424904, 'ppda': {'att': 169, 'def': 30}, 'ppda_allowed': {'att': 288, 'def': 31}, 'deep': 7, 'deep_allowed': 1, 'scored': 2, 'missed': 1, 'xpts': 2.5574, 'result': 'w', 'date': '2025-09-21 16:00:00', 'wins': 1, 'draws': 0, 'loses': 0, 'pts': 3, 'npxGD': 1.6701660000000003}, {'h_a': 'h', 'xG': 1.44033, 'xGA': 0.564557, 'npxG': 1.44033, 'npxGA': 0.564557, 'ppda': {'att': 179, 'def': 26}, 'ppda_allowed': {'att': 292, 'def': 17}, 'deep': 3, 'deep_allowed': 2, 'scored': 1, 'missed': 1, 'xpts': 2.1215, 'result': 'd', 'date': '2025-09-27 13:00:00', 'wins': 0, 'draws': 1, 'loses': 0, 'pts': 1, 'npxGD': 0.8757730000000001}, {'h_a': 'a', 'xG': 0.959121, 'xGA': 1.74169, 'npxG': 0.959121, 'npxGA': 1.74169, 'ppda': {'att': 289, 'def': 24}, 'ppda_allowed': {'att': 304, 'def': 31}, 'deep': 4, 'deep_allowed': 13, 'scored': 1, 'missed': 1, 'xpts': 0.7381, 'result': 'd', 'date': '2025-10-04 18:45:00', 'wins': 0, 'draws': 1, 'loses': 0, 'pts': 1, 'npxGD': -0.782569}, {'h_a': 'h', 'xG': 1.68785, 'xGA': 0.964723, 'npxG': 1.68785, 'npxGA': 0.964723, 'ppda': {'att': 290, 'def': 34}, 'ppda_allowed': {'att': 201, 'def': 30}, 'deep': 5, 'deep_allowed': 7, 'scored': 2, 'missed': 0, 'xpts': 1.9761999999999997, 'result': 'w', 'date': '2025-10-19 10:30:00', 'wins': 1, 'draws': 0, 'loses': 0, 'pts': 3, 'npxGD': 0.7231270000000001}, {'h_a': 'a', 'xG': 0.387121, 'xGA': 1.56651, 'npxG': 0.387121, 'npxGA': 1.56651, 'ppda': {'att': 111, 'def': 27}, 'ppda_allowed': {'att': 390, 'def': 23}, 'deep': 3, 'deep_allowed': 4, 'scored': 0, 'missed': 0, 'xpts': 0.4004, 'result': 'd', 'date': '2025-10-25 13:00:00', 'wins': 0, 'draws': 1, 'loses': 0, 'pts': 1, 'npxGD': -1.179389}, {'h_a': 'h', 'xG': 1.74279, 'xGA': 1.69938, 'npxG': 1.74279, 'npxGA': 1.69938, 'ppda': {'att': 103, 'def': 22}, 'ppda_allowed': {'att': 330, 'def': 27}, 'deep': 4, 'deep_allowed': 7, 'scored': 3, 'missed': 1, 'xpts': 1.3956, 'result': 'w', 'date': '2025-10-29 16:30:00', 'wins': 1, 'draws': 0, 'loses': 0, 'pts': 3, 'npxGD': 0.04341000000000017}]"
291,Pisa,"[{'h_a': 'a', 'xG': 1.02901, 'xGA': 2.04697, 'npxG': 1.02901, 'npxGA': 2.04697, 'ppda': {'att': 305, 'def': 27}, 'ppda_allowed': {'att': 156, 'def': 11}, 'deep': 4, 'deep_allowed': 13, 'scored': 1, 'missed': 1, 'xpts': 0.6422, 'result': 'd', 'date': '2025-08-24 18:45:00', 'wins': 0, 'draws': 1, 'loses': 0, 'pts': 1, 'npxGD': -1.01796}, {'h_a': 'h', 'xG': 0.6627, 'xGA': 0.953921, 'npxG': 0.6627, 'npxGA': 0.953921, 'ppda': {'att': 296, 'def': 12}, 'ppda_allowed': {'att': 133, 'def': 29}, 'deep': 3, 'deep_allowed': 12, 'scored': 0, 'missed': 1, 'xpts': 1.0417, 'result': 'l', 'date': '2025-08-30 18:45:00', 'wins': 0, 'draws': 0, 'loses': 1, 'pts': 0, 'npxGD': -0.29122100000000006}, {'h_a': 'h', 'xG': 1.27587, 'xGA': 1.72902, 'npxG': 1.27587, 'npxGA': 1.72902, 'ppda': {'att': 202, 'def': 19}, 'ppda_allowed': {'att': 225, 'def': 20}, 'deep': 4, 'deep_allowed': 6, 'scored': 0, 'missed': 1, 'xpts': 1.0306, 'result': 'l', 'date': '2025-09-14 13:00:00', 'wins': 0, 'draws': 0, 'loses': 1, 'pts': 0, 'npxGD': -0.45314999999999994}, {'h_a': 'a', 'xG': 2.51985, 'xGA': 1.18611, 'npxG': 1.75855, 'npxGA': 1.18611, 'ppda': {'att': 361, 'def': 25}, 'ppda_allowed': {'att': 194, 'def': 25}, 'deep': 2, 'deep_allowed': 7, 'scored': 2, 'missed': 3, 'xpts': 2.3296, 'result': 'l', 'date': '2025-09-22 18:45:00', 'wins': 0, 'draws': 0, 'loses': 1, 'pts': 0, 'npxGD': 0.5724400000000001}, {'h_a': 'h', 'xG': 0.580471, 'xGA': 0.840093, 'npxG': 0.580471, 'npxGA': 0.840093, 'ppda': {'att': 244, 'def': 28}, 'ppda_allowed': {'att': 114, 'def': 28}, 'deep': 4, 'deep_allowed': 4, 'scored': 0, 'missed': 0, 'xpts': 1.0752, 'result': 'd', 'date': '2025-09-28 13:00:00', 'wins': 0, 'draws': 1, 'loses': 0, 'pts': 1, 'npxGD': -0.259622}, {'h_a': 'a', 'xG': 0.0265067, 'xGA': 3.69928, 'npxG': 0.0265067, 'npxGA': 3.69928, 'ppda': {'att': 287, 'def': 22}, 'ppda_allowed': {'att': 98, 'def': 21}, 'deep': 1, 'deep_allowed': 14, 'scored': 0, 'missed': 4, 'xpts': 0.010799999999999999, 'result': 'l', 'date': '2025-10-05 13:00:00', 'wins': 0, 'draws': 0, 'loses': 1, 'pts': 0, 'npxGD': -3.6727733}, {'h_a': 'h', 'xG': 0.572009, 'xGA': 1.65491, 'npxG': 0.572009, 'npxGA': 1.65491, 'ppda': {'att': 131, 'def': 13}, 'ppda_allowed': {'att': 295, 'def': 28}, 'deep': 5, 'deep_allowed': 9, 'scored': 0, 'missed': 0, 'xpts': 0.5225, 'result': 'd', 'date': '2025-10-18 13:00:00', 'wins': 0, 'draws': 1, 'loses': 0, 'pts': 1, 'npxGD': -1.0829010000000001}, {'h_a': 'a', 'xG': 1.22514, 'xGA': 1.97232, 'npxG': 0.463839, 'npxGA': 1.97232, 'ppda': {'att': 326, 'def': 24}, 'ppda_allowed': {'att': 170, 'def': 16}, 'deep': 4, 'deep_allowed': 15, 'scored': 2, 'missed': 2, 'xpts': 0.7895000000000001, 'result': 'd', 'date': '2025-10-24 18:45:00', 'wins': 0, 'draws': 1, 'loses': 0, 'pts': 1, 'npxGD': -1.5084810000000002}, {'h_a': 'h', 'xG': 0.780185, 'xGA': 0.657914, 'npxG': 0.780185, 'npxGA': 0.657914, 'ppda': {'att': 371, 'def': 30}, 'ppda_allowed': {'att': 225, 'def': 20}, 'deep': 3, 'deep_allowed': 3, 'scored': 0, 'missed': 0, 'xpts': 1.4263000000000001, 'result': 'd', 'date': '2025-10-30 18:45:00', 'wins': 0, 'draws': 1, 'loses': 0, 'pts': 1, 'npxGD': 0.12227100000000002}]"
